session_id,risk_score,suppressed,suppression_reasons
SID_09201,93.41666666666667,False,
SID_05910,100.0,False,
SID_09366,99.6,False,
SID_02960,10.696047548827599,True,Low risk score (10.7 < 20)
SID_08958,14.976391091826349,True,Low risk score (15.0 < 20)
SID_03980,21.709241527998028,False,
SID_01263,99.53846153846155,False,
SID_03661,16.58698382580123,True,Low risk score (16.6 < 20)
SID_00410,13.507318554558811,True,Low risk score (13.5 < 20)
SID_08857,3.1543554714313924,True,Low risk score (3.2 < 20)
SID_05005,13.240256050320417,True,Low risk score (13.2 < 20)
SID_06311,14.728831527615455,True,Low risk score (14.7 < 20)
SID_04502,26.479449474329144,False,
SID_08340,22.445547737563505,False,
SID_05215,19.47182108737179,True,Low risk score (19.5 < 20)
SID_08964,21.252886852383323,False,
SID_08662,92.1786904761905,False,
SID_06691,9.107243776091277,True,Low risk score (9.1 < 20)
SID_06157,15.404008691959941,True,Low risk score (15.4 < 20)
SID_08385,13.033637393983863,True,Low risk score (13.0 < 20)
SID_06538,15.402211401899857,True,Low risk score (15.4 < 20)
SID_03289,98.11590296495956,False,
SID_04749,10.27224648252314,True,Low risk score (10.3 < 20)
SID_01342,98.98375,False,
SID_08995,11.914462496920736,True,Low risk score (11.9 < 20)
SID_05510,24.83837358988036,False,
SID_06618,98.55,False,
SID_03930,8.457458184034188,True,Low risk score (8.5 < 20)
SID_03296,11.400021729486324,True,Low risk score (11.4 < 20)
SID_08307,100.0,False,
SID_04271,15.269495556815569,True,Low risk score (15.3 < 20)
SID_08640,14.505788559909902,True,Low risk score (14.5 < 20)
SID_04772,14.863887901931092,True,Low risk score (14.9 < 20)
SID_04426,99.58333333333334,False,
SID_04857,15.842510121246953,True,Low risk score (15.8 < 20)
SID_09094,7.6325600657744355,True,Low risk score (7.6 < 20)
SID_08883,100.0,False,
SID_09016,8.4977261436805,True,Low risk score (8.5 < 20)
SID_00238,13.61827212960473,True,Low risk score (13.6 < 20)
SID_07648,15.581064159594685,True,Low risk score (15.6 < 20)
SID_07517,97.74,False,
SID_03531,96.73101673101672,False,
SID_01417,100.0,False,
SID_07490,96.08571428571427,False,
SID_04598,10.038685238537617,True,Low risk score (10.0 < 20)
SID_09391,13.894176078549922,True,Low risk score (13.9 < 20)
SID_02081,22.257689543061083,False,
SID_01159,15.034498609089916,True,Low risk score (15.0 < 20)
SID_02464,24.52763265399206,False,
SID_09135,100.0,False,
SID_05064,11.520811515457526,True,Low risk score (11.5 < 20)
SID_01199,18.41264654004871,True,Low risk score (18.4 < 20)
SID_05103,27.592957189847482,False,
SID_07876,7.919147997717204,True,Low risk score (7.9 < 20)
SID_04188,99.75,False,
SID_06731,13.468351859535751,True,Low risk score (13.5 < 20)
SID_02466,99.0,False,
SID_01749,100.0,False,
SID_03202,93.67727272727272,False,
SID_09497,18.359268338842476,True,Low risk score (18.4 < 20)
SID_08533,26.156455683183484,False,
SID_08910,16.750364136858778,True,Low risk score (16.8 < 20)
SID_04514,99.75,False,
SID_00354,96.15712891532671,False,
SID_05986,22.366882676423177,False,
SID_03524,100.0,False,
SID_03872,20.776178378213984,False,
SID_08280,100.0,False,
SID_03569,31.236400258474102,False,
SID_07044,24.8351529127868,False,
SID_03237,19.59449815361217,True,Low risk score (19.6 < 20)
SID_05544,13.551349190659145,True,Low risk score (13.6 < 20)
SID_06254,10.900852711983774,True,Low risk score (10.9 < 20)
SID_01679,13.1035402833006,True,Low risk score (13.1 < 20)
SID_06449,100.0,False,
SID_05065,99.58967851099831,False,
SID_06861,10.083379579149844,True,Low risk score (10.1 < 20)
SID_00503,100.0,False,
SID_05323,19.064390409045828,True,Low risk score (19.1 < 20)
SID_07667,99.5,False,
SID_02132,100.0,False,
SID_08689,96.69642857142857,False,
SID_00949,83.90329738091366,False,
SID_05931,96.74685534591195,False,
SID_05187,37.39089738155917,False,
SID_05053,7.514316264035002,True,Low risk score (7.5 < 20)
SID_07190,25.69806731098386,False,
SID_07778,27.19198077797721,False,
SID_08397,15.986894688950368,True,Low risk score (16.0 < 20)
SID_01685,8.26423432013254,True,Low risk score (8.3 < 20)
SID_05988,18.487383131941055,True,Low risk score (18.5 < 20)
SID_03077,12.266229794478276,True,Low risk score (12.3 < 20)
SID_00644,100.0,False,
SID_03970,12.499149829231385,True,Low risk score (12.5 < 20)
SID_07570,74.98928571428574,False,
SID_06668,14.726046523670943,True,Low risk score (14.7 < 20)
SID_05949,99.5,False,
SID_06489,25.884823547169727,False,
SID_06384,16.355401120064386,True,Low risk score (16.4 < 20)
SID_02844,18.424131382579876,True,Low risk score (18.4 < 20)
SID_03932,17.24828654567689,True,Low risk score (17.2 < 20)
SID_07426,9.16915847568586,True,Low risk score (9.2 < 20)
SID_02522,98.38690476190476,False,
SID_04595,98.76311866428145,False,
SID_03542,99.5,False,
SID_01710,14.484123225251741,True,Low risk score (14.5 < 20)
SID_02273,90.76428571428572,False,
SID_06415,22.603237658908768,False,
SID_08269,10.805043641303252,True,Low risk score (10.8 < 20)
SID_05952,100.0,False,
SID_08242,12.69560087500362,True,Low risk score (12.7 < 20)
SID_03597,12.363111717131224,True,Low risk score (12.4 < 20)
SID_02427,32.552931918919235,False,
SID_03998,18.146481310482702,True,Low risk score (18.1 < 20)
SID_01757,38.40857306913902,False,
SID_03215,18.29423027258895,True,Low risk score (18.3 < 20)
SID_06865,26.58517008187623,False,
SID_03222,100.0,False,
SID_05732,98.95454545454545,False,
SID_04508,100.0,False,
SID_06880,100.0,False,
SID_04052,100.0,False,
SID_00493,13.701416818026257,True,Low risk score (13.7 < 20)
SID_07295,99.33967851099831,False,
SID_06136,99.20238095238095,False,
SID_04144,24.000395029983274,False,
SID_00998,10.544899516196638,True,Low risk score (10.5 < 20)
SID_03779,18.21013547444127,True,Low risk score (18.2 < 20)
SID_08434,100.0,False,
SID_00629,32.208911482128904,False,
SID_01852,98.1198347107438,False,
SID_05261,91.41598271942888,False,
SID_08795,20.788666667850265,False,
SID_02591,94.22727272727272,False,
SID_04619,97.5,False,
SID_03091,100.0,False,
SID_06680,98.70454545454545,False,
SID_05926,100.0,False,
SID_08118,11.175191344161854,True,Low risk score (11.2 < 20)
SID_05969,21.40597021976059,False,
SID_09159,8.41197366328261,True,Low risk score (8.4 < 20)
SID_01737,25.419437971814325,False,
SID_00225,96.56666666666666,False,
SID_06253,32.06918892445839,False,
SID_00070,5.9004167185507885,True,Low risk score (5.9 < 20)
SID_08438,99.80357142857143,False,
SID_06288,17.8078434956333,True,Low risk score (17.8 < 20)
SID_08564,17.605380098317266,True,Low risk score (17.6 < 20)
SID_06033,100.0,False,
SID_07576,45.76658535296056,False,
SID_04931,14.980673405651926,True,Low risk score (15.0 < 20)
SID_04953,8.766951749328038,True,Low risk score (8.8 < 20)
SID_07692,10.082467461886022,True,Low risk score (10.1 < 20)
SID_02476,99.75,False,
SID_04725,100.0,False,
SID_01209,99.75,False,
SID_01239,11.224690931501646,True,Low risk score (11.2 < 20)
SID_01684,12.19941999787258,True,Low risk score (12.2 < 20)
SID_06273,99.9,False,
SID_06703,12.513162076197364,True,Low risk score (12.5 < 20)
SID_08532,19.237543026932244,True,Low risk score (19.2 < 20)
SID_08726,9.348043786369018,True,Low risk score (9.3 < 20)
SID_02054,98.85555555555557,False,
SID_00587,100.0,False,
SID_03572,100.0,False,
SID_01477,12.809939000202785,True,Low risk score (12.8 < 20)
SID_03239,99.75,False,
SID_03311,18.723625270667487,True,Low risk score (18.7 < 20)
SID_08684,27.153840215251545,False,
SID_09342,4.362277757313777,True,Low risk score (4.4 < 20)
SID_02663,100.0,False,
SID_07234,33.56978919228691,False,
SID_03323,21.130182964439424,False,
SID_04196,100.0,False,
SID_06979,14.747366869873025,True,Low risk score (14.7 < 20)
SID_05308,11.207508185140547,True,Low risk score (11.2 < 20)
SID_04334,13.928729517844824,True,Low risk score (13.9 < 20)
SID_03271,99.75,False,
SID_00914,99.5,False,
SID_03911,28.382010248522676,False,
SID_02377,13.380849705384556,True,Low risk score (13.4 < 20)
SID_04647,99.5,False,
SID_03856,22.297180649653875,True,
SID_06101,11.07086748249857,True,Low risk score (11.1 < 20)
SID_05034,17.70668935824558,True,Low risk score (17.7 < 20)
SID_08842,14.35919016750756,True,Low risk score (14.4 < 20)
SID_02147,24.624796025304253,False,
SID_05543,99.625,False,
SID_04645,11.545104814798208,True,Low risk score (11.5 < 20)
SID_06302,100.0,False,
SID_05169,12.452911593265627,True,Low risk score (12.5 < 20)
SID_00199,20.699501771935225,False,
SID_03746,100.0,False,
SID_00448,10.123323595490477,True,Low risk score (10.1 < 20)
SID_04939,28.82068013507193,False,
SID_02958,17.734911005552405,True,Low risk score (17.7 < 20)
SID_03361,29.453798889166922,False,
SID_04277,94.80416666666667,False,
SID_04058,21.363893592805212,False,
SID_08192,14.088617122443933,True,Low risk score (14.1 < 20)
SID_06364,8.73403686606329,True,Low risk score (8.7 < 20)
SID_09033,100.0,False,
SID_03374,100.0,False,
SID_00401,17.786466124894837,True,Low risk score (17.8 < 20)
SID_02628,34.71611984563336,False,
SID_00289,14.969378058621983,True,Low risk score (15.0 < 20)
SID_04875,99.20833333333333,False,
SID_05334,15.32028912011455,True,Low risk score (15.3 < 20)
SID_00885,7.728224334832835,True,Low risk score (7.7 < 20)
SID_05339,7.535117941432136,True,Low risk score (7.5 < 20)
SID_06520,98.6198347107438,False,
SID_09032,100.0,False,
SID_03814,98.9,False,
SID_02266,36.77279842858444,False,
SID_01046,14.386935934344997,True,Low risk score (14.4 < 20)
SID_01085,9.31409897447214,True,Low risk score (9.3 < 20)
SID_09517,17.025558374563772,True,Low risk score (17.0 < 20)
SID_00533,28.615450846392594,False,
SID_04553,79.91492284633152,False,
SID_02489,100.0,False,
SID_03957,90.85923096511331,False,
SID_08336,10.460019696057604,True,Low risk score (10.5 < 20)
SID_02913,12.467733961069593,True,Low risk score (12.5 < 20)
SID_03500,27.947590719338393,False,
SID_09424,40.179488255475704,False,
SID_03796,28.10853663432955,False,
SID_07149,9.807730012492318,True,Low risk score (9.8 < 20)
SID_02459,100.0,False,
SID_05154,100.0,False,
SID_08992,11.086741033062248,True,Low risk score (11.1 < 20)
SID_02756,100.0,False,
SID_00537,100.0,False,
SID_07276,90.67500000000001,False,
SID_06876,99.5,False,
SID_08399,8.402378517799916,True,Low risk score (8.4 < 20)
SID_06225,95.56666666666666,False,
SID_03767,100.0,False,
SID_06995,18.201105930504227,True,Low risk score (18.2 < 20)
SID_03921,14.844655632574156,True,Low risk score (14.8 < 20)
SID_09402,100.0,False,
SID_03584,9.551399326193676,True,Low risk score (9.6 < 20)
SID_07298,15.222969790789778,True,Low risk score (15.2 < 20)
SID_07374,21.459563100528793,False,
SID_08547,7.51325650320617,True,Low risk score (7.5 < 20)
SID_05562,99.41666666666667,False,
SID_02651,100.0,False,
SID_06313,11.349962078255437,True,Low risk score (11.3 < 20)
SID_00325,13.896706165921605,True,Low risk score (13.9 < 20)
SID_03995,100.0,False,
SID_08412,22.797240290375665,False,
SID_01486,20.176589328416,True,
SID_01452,12.010114002149487,True,Low risk score (12.0 < 20)
SID_03325,20.23501673838835,False,
SID_08199,29.682962112857787,False,
SID_01131,14.702953247413767,True,Low risk score (14.7 < 20)
SID_05240,92.27982297012196,False,
SID_06123,16.290560462866317,True,Low risk score (16.3 < 20)
SID_07854,24.057566853679255,False,
SID_01973,99.85714285714286,False,
SID_05780,100.0,False,
SID_05747,94.81746031746033,False,
SID_00674,12.452545908436957,True,Low risk score (12.5 < 20)
SID_03725,28.622080390558104,False,
SID_04218,18.840023720372074,True,Low risk score (18.8 < 20)
SID_08058,10.06673185002483,True,Low risk score (10.1 < 20)
SID_08510,20.8591755720488,False,
SID_06036,16.184368421797057,True,Low risk score (16.2 < 20)
SID_08513,99.625,False,
SID_01951,96.4857142857143,False,
SID_06660,100.0,False,
SID_09115,25.43441869767447,False,
SID_03047,10.95027159557261,True,Low risk score (11.0 < 20)
SID_03683,100.0,False,
SID_00030,99.0,False,
SID_03459,100.0,False,
SID_08514,99.00757575757576,False,
SID_09122,100.0,False,
SID_03113,99.25,False,
SID_02444,22.444202451685886,False,
SID_04290,9.168524179168477,True,Low risk score (9.2 < 20)
SID_07218,99.75,False,
SID_04648,19.851625554441213,True,Low risk score (19.9 < 20)
SID_08027,96.54166666666666,False,
SID_05884,36.29551282051282,False,
SID_05144,7.602824140316272,True,Low risk score (7.6 < 20)
SID_08543,20.605608254542748,False,
SID_05102,15.04927974855383,True,Low risk score (15.0 < 20)
SID_00690,30.875878427037186,False,
SID_03347,18.173362879203143,True,Low risk score (18.2 < 20)
SID_01578,13.305154898814042,True,Low risk score (13.3 < 20)
SID_04704,18.21365461799265,True,Low risk score (18.2 < 20)
SID_06216,24.524388744408306,False,
SID_04637,13.569782004919864,True,Low risk score (13.6 < 20)
SID_02361,18.184727846443177,True,Low risk score (18.2 < 20)
SID_08358,99.6,False,
SID_02056,10.954946297021376,True,Low risk score (11.0 < 20)
SID_07585,8.845116401461194,True,Low risk score (8.8 < 20)
SID_07305,17.839834751255047,True,Low risk score (17.8 < 20)
SID_07448,19.074994963183077,True,Low risk score (19.1 < 20)
SID_08803,22.31931609950263,False,
SID_08450,25.39689361956748,False,
SID_04954,9.499550035743018,True,Low risk score (9.5 < 20)
SID_08690,24.732941468753253,False,
SID_02895,100.0,False,
SID_02685,97.92301184433164,False,
SID_07166,13.48219017761621,True,Low risk score (13.5 < 20)
SID_04159,8.170526772705404,True,Low risk score (8.2 < 20)
SID_05581,99.46666666666667,False,
SID_06374,11.639318205131167,True,Low risk score (11.6 < 20)
SID_04152,98.54166666666666,False,
SID_02784,11.205913055411562,True,Low risk score (11.2 < 20)
SID_00957,20.201593804941698,False,
SID_05375,99.5,False,
SID_01229,22.402267350111124,False,
SID_01665,9.529068496480342,True,Low risk score (9.5 < 20)
SID_08598,15.458703954101585,True,Low risk score (15.5 < 20)
SID_07772,10.937994022467548,True,Low risk score (10.9 < 20)
SID_09039,100.0,False,
SID_04156,21.271964974339696,False,
SID_08126,99.8,False,
SID_05758,13.58598696913586,True,Low risk score (13.6 < 20)
SID_07502,99.33333333333333,False,
SID_01337,19.624802759216927,True,Low risk score (19.6 < 20)
SID_01922,30.262791148927544,False,
SID_01564,18.14507279452405,True,Low risk score (18.1 < 20)
SID_05295,100.0,False,
SID_04850,18.60781372485115,True,Low risk score (18.6 < 20)
SID_00599,14.65577120506431,True,Low risk score (14.7 < 20)
SID_05151,9.065464813840846,True,Low risk score (9.1 < 20)
SID_07873,38.037477145076025,False,
SID_06663,100.0,False,
SID_01003,19.762864127760306,True,Low risk score (19.8 < 20)
SID_02613,99.14,False,
SID_05079,100.0,False,
SID_06441,22.56409471111217,False,
SID_09096,100.0,False,
SID_01293,90.07774725274726,False,
SID_05335,98.3,False,
SID_04286,11.855331412800664,True,Low risk score (11.9 < 20)
SID_08501,17.93703849109534,True,Low risk score (17.9 < 20)
SID_08941,18.435720626287544,True,Low risk score (18.4 < 20)
SID_03336,99.5,False,
SID_08054,99.7,False,
SID_03744,18.34304024781656,True,Low risk score (18.3 < 20)
SID_00657,14.925588916412757,True,Low risk score (14.9 < 20)
SID_03583,25.12035621141685,False,
SID_05617,13.13258902753768,True,Low risk score (13.1 < 20)
SID_01927,9.475943352030843,True,Low risk score (9.5 < 20)
SID_04359,100.0,False,
SID_06566,99.5,False,
SID_08680,97.33909395973154,False,
SID_07806,99.9,False,
SID_00367,100.0,False,
SID_03027,100.0,False,
SID_06607,15.40219003387691,True,Low risk score (15.4 < 20)
SID_05639,24.5511589062092,False,
SID_03051,99.58333333333333,False,
SID_03039,21.34945697299367,False,
SID_06070,17.016711170545936,True,Low risk score (17.0 < 20)
SID_06859,100.0,False,
SID_00661,8.780275406219578,True,Low risk score (8.8 < 20)
SID_03526,100.0,False,
SID_08443,13.378648976479033,True,Low risk score (13.4 < 20)
SID_03434,9.96801151579195,True,Low risk score (10.0 < 20)
SID_05935,15.899166330843673,True,Low risk score (15.9 < 20)
SID_01008,8.2456221226535,True,Low risk score (8.2 < 20)
SID_05414,12.626331228818541,True,Low risk score (12.6 < 20)
SID_06529,19.17403528812999,True,Low risk score (19.2 < 20)
SID_00227,99.16666666666666,False,
SID_00604,100.0,False,
SID_02100,17.27669484261331,True,Low risk score (17.3 < 20)
SID_00452,12.211960535806156,True,Low risk score (12.2 < 20)
SID_06533,31.859195579266796,False,
SID_02880,24.11491825041343,False,
SID_05188,17.285487122086188,True,Low risk score (17.3 < 20)
SID_06067,20.86324517803479,False,
SID_08685,14.168269449057167,True,Low risk score (14.2 < 20)
SID_05976,13.615709263739642,True,Low risk score (13.6 < 20)
SID_06686,100.0,False,
SID_09375,99.70833333333333,False,
SID_08754,13.255076142316593,True,Low risk score (13.3 < 20)
SID_04450,13.185020783634451,True,Low risk score (13.2 < 20)
SID_02358,13.495972266609838,True,Low risk score (13.5 < 20)
SID_04410,23.90313644688646,False,
SID_01315,19.35112665760267,True,Low risk score (19.4 < 20)
SID_05452,18.35598621819237,True,Low risk score (18.4 < 20)
SID_09257,98.00357142857143,False,
SID_00698,15.968706080282697,True,Low risk score (16.0 < 20)
SID_05607,14.679673589290477,True,Low risk score (14.7 < 20)
SID_05681,13.339769341310816,True,Low risk score (13.3 < 20)
SID_04999,41.8214561343775,False,
SID_07352,9.760223137942951,True,Low risk score (9.8 < 20)
SID_03793,17.75857558303861,True,Low risk score (17.8 < 20)
SID_02701,100.0,False,
SID_08089,99.5,False,
SID_07547,14.013417939242224,True,Low risk score (14.0 < 20)
SID_02196,16.742158937391423,True,Low risk score (16.7 < 20)
SID_04258,99.75,False,
SID_02144,100.0,False,
SID_09482,8.188090572266644,True,Low risk score (8.2 < 20)
SID_07086,87.29880952380954,False,
SID_01740,17.445400438135675,True,Low risk score (17.4 < 20)
SID_07844,10.031349616469207,True,Low risk score (10.0 < 20)
SID_05172,10.481732128277224,True,Low risk score (10.5 < 20)
SID_08838,100.0,False,
SID_08392,16.649371105872703,True,Low risk score (16.6 < 20)
SID_07745,12.762825925564872,True,Low risk score (12.8 < 20)
SID_07543,97.52456140350877,False,
SID_02337,14.559697732706214,True,Low risk score (14.6 < 20)
SID_09401,20.41758109777166,False,
SID_06608,13.071573061479327,True,Low risk score (13.1 < 20)
SID_03598,22.41708676695207,False,
SID_02601,44.441592435342436,False,
SID_03660,66.03392857142859,False,
SID_06037,100.0,False,
SID_01892,95.61494530244529,False,
SID_06833,7.73452714759956,True,Low risk score (7.7 < 20)
SID_07483,21.79297642569917,False,
SID_05527,100.0,False,
SID_03915,100.0,False,
SID_07509,18.848188007104877,True,Low risk score (18.8 < 20)
SID_01247,17.770833253303827,True,Low risk score (17.8 < 20)
SID_02306,16.375877706776325,True,Low risk score (16.4 < 20)
SID_04315,34.517264873004855,False,
SID_01305,94.20833333333334,False,
SID_06993,98.73333333333333,False,
SID_02634,100.0,False,
SID_04855,16.803175655063882,True,Low risk score (16.8 < 20)
SID_05942,99.75,False,
SID_00810,97.90833333333333,False,
SID_04210,16.73915127689039,True,Low risk score (16.7 < 20)
SID_08647,12.858869621227292,True,Low risk score (12.9 < 20)
SID_05008,93.94404761904762,False,
SID_07884,100.0,False,
SID_06513,100.0,False,
SID_07208,14.884522898605395,True,Low risk score (14.9 < 20)
SID_01594,100.0,False,
SID_02077,17.63849112723617,True,Low risk score (17.6 < 20)
SID_03773,99.8,False,
SID_02071,21.432400577458793,False,
SID_08367,14.510909815280346,True,Low risk score (14.5 < 20)
SID_06524,28.849143638949176,False,
SID_06120,8.8290170023089,True,Low risk score (8.8 < 20)
SID_03984,9.51514187566034,True,Low risk score (9.5 < 20)
SID_05689,12.489377783112591,True,Low risk score (12.5 < 20)
SID_05471,98.875,False,
SID_09051,98.0654761904762,False,
SID_09074,11.827542865649905,True,Low risk score (11.8 < 20)
SID_07254,5.698081116064102,True,Low risk score (5.7 < 20)
SID_07825,99.5,False,
SID_02282,19.271943600385924,True,Low risk score (19.3 < 20)
SID_07544,26.99772986015899,False,
SID_03158,22.14184049643918,False,
SID_04192,100.0,False,
SID_05538,19.478115014399467,True,Low risk score (19.5 < 20)
SID_08380,7.59765931943486,True,Low risk score (7.6 < 20)
SID_02018,25.673144257703086,False,
SID_03328,23.560909953683147,False,
SID_06259,13.108380323564942,True,Low risk score (13.1 < 20)
SID_01617,12.69235079369022,True,Low risk score (12.7 < 20)
SID_08258,18.2951209461318,True,Low risk score (18.3 < 20)
SID_08077,14.374070381439024,True,Low risk score (14.4 < 20)
SID_08612,8.047779251339685,True,Low risk score (8.0 < 20)
SID_00267,100.0,False,
SID_05859,17.044578708278465,True,Low risk score (17.0 < 20)
SID_00568,99.75,False,
SID_00546,99.5,False,
SID_01496,97.72916666666667,False,
SID_05371,14.809103884451396,True,Low risk score (14.8 < 20)
SID_05634,15.483898864078355,True,Low risk score (15.5 < 20)
SID_01534,8.880071721936682,True,Low risk score (8.9 < 20)
SID_06894,29.189059214468067,False,
SID_08232,33.17259728785674,False,
SID_05606,100.0,False,
SID_02388,18.98917907901689,True,Low risk score (19.0 < 20)
SID_04808,9.4835125626695,True,Low risk score (9.5 < 20)
SID_09132,7.340450181194511,True,Low risk score (7.3 < 20)
SID_06761,18.16746706763167,True,Low risk score (18.2 < 20)
SID_05418,99.40388888888889,False,
SID_02832,10.204786060235136,True,Low risk score (10.2 < 20)
SID_06175,14.445099154520422,True,Low risk score (14.4 < 20)
SID_02296,22.22320586289458,False,
SID_03629,42.606644370337946,False,
SID_07957,11.512622317358261,True,Low risk score (11.5 < 20)
SID_07598,100.0,False,
SID_08297,18.210810209162425,True,Low risk score (18.2 < 20)
SID_02843,31.172247599376433,False,
SID_06988,12.74961526259647,True,Low risk score (12.7 < 20)
SID_09137,19.174077397522954,True,Low risk score (19.2 < 20)
SID_04500,14.077406749633283,True,Low risk score (14.1 < 20)
SID_06868,7.753745877098943,True,Low risk score (7.8 < 20)
SID_04539,97.75555555555555,False,
SID_07445,15.4396735212246,True,Low risk score (15.4 < 20)
SID_03462,20.845099848135135,False,
SID_00771,12.326698851592507,True,Low risk score (12.3 < 20)
SID_07601,17.187803287875063,True,Low risk score (17.2 < 20)
SID_08745,98.78650137741047,False,
SID_06248,99.42301184433164,False,
SID_07948,15.85536200627738,True,Low risk score (15.9 < 20)
SID_05658,99.9,False,
SID_05519,13.506565366012332,True,Low risk score (13.5 < 20)
SID_01592,16.059153410336137,True,Low risk score (16.1 < 20)
SID_04211,19.036208567147685,True,Low risk score (19.0 < 20)
SID_03011,20.345911052967487,False,
SID_00255,15.725437899346586,True,Low risk score (15.7 < 20)
SID_01036,96.37380952380953,False,
SID_07625,98.8,False,
SID_06078,7.678985203659618,True,Low risk score (7.7 < 20)
SID_05905,9.329455637734528,True,Low risk score (9.3 < 20)
SID_06042,11.981943733568858,True,Low risk score (12.0 < 20)
SID_06713,12.399817868695058,True,Low risk score (12.4 < 20)
SID_01087,100.0,False,
SID_02742,6.902305535947726,True,Low risk score (6.9 < 20)
SID_03800,100.0,False,
SID_09487,99.5,False,
SID_03372,11.28456888623916,True,Low risk score (11.3 < 20)
SID_07377,100.0,False,
SID_05469,15.56570650132508,True,Low risk score (15.6 < 20)
SID_03763,22.894059224912784,False,
SID_00864,15.374821530039712,True,Low risk score (15.4 < 20)
SID_01403,100.0,False,
SID_08219,20.859385831183936,False,
SID_06754,99.5,False,
SID_00792,7.972380025187138,True,Low risk score (8.0 < 20)
SID_05121,14.586427381583054,True,Low risk score (14.6 < 20)
SID_09166,26.725024884136612,False,
SID_02437,100.0,False,
SID_06234,96.0345238095238,False,
SID_07385,99.92857142857143,False,
SID_01505,10.451803045893563,True,Low risk score (10.5 < 20)
SID_03249,19.307662457655955,True,Low risk score (19.3 < 20)
SID_07471,20.672671380646126,False,
SID_04634,12.465371168959207,True,Low risk score (12.5 < 20)
SID_06356,100.0,False,
SID_04635,99.5,False,
SID_02449,8.89572558109518,True,Low risk score (8.9 < 20)
SID_08694,26.46940634429173,False,
SID_00239,16.962005171316076,True,Low risk score (17.0 < 20)
SID_05199,23.199686191473177,False,
SID_01709,93.16144957983194,False,
SID_07104,100.0,False,
SID_00473,22.101254838374043,False,
SID_04632,19.770519249643183,True,Low risk score (19.8 < 20)
SID_03386,11.37145713730473,True,Low risk score (11.4 < 20)
SID_00464,30.06692477363673,False,
SID_09207,99.75,False,
SID_04624,15.550690367548068,True,Low risk score (15.6 < 20)
SID_05830,11.572587442689171,True,Low risk score (11.6 < 20)
SID_07793,16.48907264496303,True,Low risk score (16.5 < 20)
SID_09002,15.12824579468619,True,Low risk score (15.1 < 20)
SID_02496,11.619140279415618,True,Low risk score (11.6 < 20)
SID_04942,10.307495769457399,True,Low risk score (10.3 < 20)
SID_03689,100.0,False,
SID_07435,98.23333333333333,False,
SID_00895,100.0,False,
SID_04235,100.0,False,Rule: single_success_login
SID_07451,17.229133836879225,True,Low risk score (17.2 < 20)
SID_02850,14.193289267262804,True,Low risk score (14.2 < 20)
SID_02386,29.595910134260407,False,
SID_03708,12.224263269546578,True,Low risk score (12.2 < 20)
SID_01076,18.951196792873723,True,Low risk score (19.0 < 20)
SID_09405,100.0,False,
SID_02882,99.25,True,
SID_06563,13.990723554523306,True,Low risk score (14.0 < 20)
SID_03850,14.174998193374735,True,Low risk score (14.2 < 20)
SID_02709,95.23545751633989,False,
SID_05563,11.967183072559077,True,Low risk score (12.0 < 20)
SID_02695,5.342678649738617,True,Low risk score (5.3 < 20)
SID_03295,99.64285714285714,False,
SID_02845,25.550508467010967,False,
SID_01504,42.71103859266826,False,
SID_00149,94.52449494949494,False,
SID_08015,10.143164841343394,True,Low risk score (10.1 < 20)
SID_01788,12.880765399774893,True,Low risk score (12.9 < 20)
SID_02359,22.44700693621172,False,
SID_08127,10.585338997591231,True,Low risk score (10.6 < 20)
SID_02409,99.9,False,
SID_06769,15.55432473569717,True,Low risk score (15.6 < 20)
SID_00672,98.11785714285713,False,
SID_00163,28.591613010823778,False,
SID_02260,21.036356857832622,False,
SID_02031,99.1198347107438,False,
SID_04491,12.774285609878433,True,Low risk score (12.8 < 20)
SID_00781,98.925,False,
SID_08688,99.5,False,
SID_07611,99.08967851099831,False,
SID_07306,34.100478592626295,False,
SID_00796,22.54267271669398,False,
SID_00656,22.742117790189017,False,
SID_02502,24.49754585547178,False,
SID_03412,100.0,False,
SID_00194,12.420202549499658,True,Low risk score (12.4 < 20)
SID_04975,70.97361111111113,False,
SID_06334,10.409908698327815,True,Low risk score (10.4 < 20)
SID_04503,28.387046167178116,False,
SID_00952,92.25721288515406,False,
SID_07657,11.455560141982353,True,Low risk score (11.5 < 20)
SID_08132,11.142921131277971,True,Low risk score (11.1 < 20)
SID_00009,14.223721240330375,True,Low risk score (14.2 < 20)
SID_03924,15.962665961069,True,Low risk score (16.0 < 20)
SID_00498,100.0,False,
SID_04082,17.51841862253968,True,Low risk score (17.5 < 20)
SID_05990,7.60275471648924,True,Low risk score (7.6 < 20)
SID_09364,14.565969618821828,True,Low risk score (14.6 < 20)
SID_01440,99.83333333333333,False,
SID_04558,11.7781788427885,True,Low risk score (11.8 < 20)
SID_05264,10.54982246883665,True,Low risk score (10.5 < 20)
SID_08056,14.902528842010977,True,Low risk score (14.9 < 20)
SID_07526,23.543580815970625,False,
SID_00243,10.167872764199704,True,Low risk score (10.2 < 20)
SID_03780,8.717874981672761,True,Low risk score (8.7 < 20)
SID_04721,100.0,False,
SID_03818,100.0,False,
SID_01122,16.122241295172735,True,Low risk score (16.1 < 20)
SID_06504,7.750774026904926,True,Low risk score (7.8 < 20)
SID_02064,13.192567199784671,True,Low risk score (13.2 < 20)
SID_08875,18.654470358864014,True,Low risk score (18.7 < 20)
SID_00623,99.5,False,
SID_00173,18.056225855074477,True,Low risk score (18.1 < 20)
SID_08476,17.390242602237926,True,Low risk score (17.4 < 20)
SID_04007,12.680390407022069,True,Low risk score (12.7 < 20)
SID_04436,24.769093065123187,False,
SID_01956,25.940428004905495,False,
SID_03890,19.408391662920483,True,Low risk score (19.4 < 20)
SID_07698,87.3425925925926,False,
SID_07984,8.9566968660378,True,Low risk score (9.0 < 20)
SID_04868,22.824311308324532,False,
SID_07531,100.0,False,
SID_05076,23.45747876977296,False,
SID_09221,10.21227967064045,True,Low risk score (10.2 < 20)
SID_01589,22.92866341960087,False,
SID_03280,15.317613937211135,True,Low risk score (15.3 < 20)
SID_02408,6.459428942964399,True,Low risk score (6.5 < 20)
SID_09415,10.126942818129693,True,Low risk score (10.1 < 20)
SID_00973,100.0,False,
SID_03517,65.59260886172653,False,
SID_05570,26.326683952281055,False,
SID_04388,12.315094240477643,True,Low risk score (12.3 < 20)
SID_06710,99.7,False,
SID_03080,98.68333333333334,False,
SID_08119,33.91766746966542,False,
SID_01089,96.5625,False,
SID_04933,34.02951698527625,False,
SID_07660,15.58904556914132,True,Low risk score (15.6 < 20)
SID_00120,100.0,False,
SID_05975,5.4370825065600865,True,Low risk score (5.4 < 20)
SID_00947,99.25,False,
SID_06255,10.65662942663133,True,Low risk score (10.7 < 20)
SID_02980,6.548374371958896,True,Low risk score (6.5 < 20)
SID_05439,98.0,False,
SID_06506,5.3806827772399695,True,Low risk score (5.4 < 20)
SID_01213,100.0,False,
SID_02303,22.169510355732193,False,
SID_02320,94.07213804713805,False,
SID_02655,100.0,False,
SID_00889,100.0,False,
SID_04636,25.062698412698403,False,
SID_09220,21.451734510858056,False,
SID_03527,13.220012552999084,True,Low risk score (13.2 < 20)
SID_08227,8.164269197601728,True,Low risk score (8.2 < 20)
SID_02070,100.0,False,
SID_03839,8.6176327015739,True,Low risk score (8.6 < 20)
SID_06705,17.435174927172014,True,Low risk score (17.4 < 20)
SID_02030,99.5,False,
SID_02981,21.168995158185307,False,
SID_07859,17.134077361554837,True,Low risk score (17.1 < 20)
SID_03449,13.649600065937909,True,Low risk score (13.6 < 20)
SID_06813,18.28113204657991,True,Low risk score (18.3 < 20)
SID_02327,18.177671581978526,True,Low risk score (18.2 < 20)
SID_04609,100.0,False,
SID_03705,11.257849679429677,True,Low risk score (11.3 < 20)
SID_02098,17.345005837821443,True,Low risk score (17.3 < 20)
SID_07135,99.29166666666666,False,
SID_04995,24.143598716666535,False,
SID_08900,9.843288296919804,True,Low risk score (9.8 < 20)
SID_05537,17.71982974790471,True,Low risk score (17.7 < 20)
SID_03056,28.06537156450512,False,
SID_00804,18.023361469562957,True,Low risk score (18.0 < 20)
SID_00235,20.936801721252976,False,
SID_09084,15.152203147581279,True,Low risk score (15.2 < 20)
SID_06541,11.393017756412936,True,Low risk score (11.4 < 20)
SID_06379,9.879814270475393,True,Low risk score (9.9 < 20)
SID_05691,96.63888888888889,False,
SID_08288,14.925367346014106,True,Low risk score (14.9 < 20)
SID_06395,23.726688512621344,False,
SID_05442,16.46082356318822,True,Low risk score (16.5 < 20)
SID_09385,16.458683401739705,True,Low risk score (16.5 < 20)
SID_05167,100.0,False,
SID_04405,12.18630831879666,True,Low risk score (12.2 < 20)
SID_07638,24.44950635950308,False,
SID_01279,100.0,False,
SID_02842,100.0,False,
SID_07727,22.00786206587958,False,
SID_05330,16.696116190155102,True,Low risk score (16.7 < 20)
SID_06040,16.039627821204913,True,Low risk score (16.0 < 20)
SID_08350,8.34408418561844,True,Low risk score (8.3 < 20)
SID_05184,99.5909090909091,False,
SID_05287,99.92857142857143,False,
SID_06756,99.5,False,
SID_08327,16.547321093059196,True,Low risk score (16.5 < 20)
SID_09314,7.6751018934287085,True,Low risk score (7.7 < 20)
SID_00296,8.509386148602138,True,Low risk score (8.5 < 20)
SID_02472,100.0,False,
SID_05489,11.51351958870862,True,Low risk score (11.5 < 20)
SID_00550,98.11409395973155,False,
SID_08761,17.933692464934087,True,Low risk score (17.9 < 20)
SID_03341,14.457761618928197,True,Low risk score (14.5 < 20)
SID_07582,87.85833333333333,False,
SID_00034,99.5,False,
SID_00455,17.037415298876777,True,Low risk score (17.0 < 20)
SID_00666,15.452226085820502,True,Low risk score (15.5 < 20)
SID_08642,100.0,False,
SID_08282,6.08593164849501,True,Low risk score (6.1 < 20)
SID_07467,17.616701026990423,True,Low risk score (17.6 < 20)
SID_04417,100.0,False,
SID_06128,11.312747819598567,True,Low risk score (11.3 < 20)
SID_01367,22.02440432228001,False,
SID_04840,100.0,False,
SID_00084,92.88888888888889,False,
SID_00706,9.120860266841023,True,Low risk score (9.1 < 20)
SID_04240,17.533711014324155,True,Low risk score (17.5 < 20)
SID_09000,91.19860464857423,False,
SID_09462,24.506128627539653,False,
SID_03626,99.83333333333333,False,
SID_04093,95.89707792207793,False,
SID_06795,20.008373000581216,False,
SID_08566,14.949398805599145,True,Low risk score (14.9 < 20)
SID_09286,12.815093843526268,True,Low risk score (12.8 < 20)
SID_08804,23.60274666841103,False,
SID_00975,15.063493032896117,True,Low risk score (15.1 < 20)
SID_04591,100.0,False,
SID_05237,100.0,False,
SID_09504,89.17533068783067,False,
SID_02367,10.497189805182694,True,Low risk score (10.5 < 20)
SID_09069,28.954296038208554,False,
SID_07937,42.25131729127084,False,
SID_07297,100.0,False,
SID_06263,19.774185456201067,True,Low risk score (19.8 < 20)
SID_06664,34.24496157671525,True,
SID_01353,13.721124673801228,True,Low risk score (13.7 < 20)
SID_05583,95.6592261904762,False,
SID_05666,100.0,False,
SID_07109,20.695821180063163,False,
SID_01092,100.0,False,
SID_06855,9.52183617134204,True,Low risk score (9.5 < 20)
SID_07476,18.02208947709388,True,Low risk score (18.0 < 20)
SID_03900,14.66239402321442,True,Low risk score (14.7 < 20)
SID_09119,100.0,False,
SID_07321,9.084403534399481,True,Low risk score (9.1 < 20)
SID_04796,16.76087125478803,True,Low risk score (16.8 < 20)
SID_01205,100.0,False,
SID_03631,11.735219394279678,True,Low risk score (11.7 < 20)
SID_01216,8.5454879904689,True,Low risk score (8.5 < 20)
SID_08542,17.282596381392622,True,Low risk score (17.3 < 20)
SID_09425,7.27355126741939,True,Low risk score (7.3 < 20)
SID_02161,17.274986851825794,True,Low risk score (17.3 < 20)
SID_02526,10.48882815070419,True,Low risk score (10.5 < 20)
SID_00036,21.989387650369558,False,
SID_03761,24.434263269023464,False,
SID_03293,100.0,False,
SID_05236,18.565520275341118,True,Low risk score (18.6 < 20)
SID_03299,15.60308003731405,True,Low risk score (15.6 < 20)
SID_02675,23.47274715963469,False,
SID_02835,23.88552432543878,False,
SID_02773,98.30476190476192,False,
SID_06260,15.957448266206098,True,Low risk score (16.0 < 20)
SID_00806,11.044350712636888,True,Low risk score (11.0 < 20)
SID_02298,10.142227818150843,True,Low risk score (10.1 < 20)
SID_01261,8.78834172747077,True,Low risk score (8.8 < 20)
SID_03935,99.91666666666667,False,
SID_07641,98.25,False,
SID_08301,26.40008957297721,False,
SID_04084,99.5,False,
SID_06503,11.441440703394614,True,Low risk score (11.4 < 20)
SID_06985,16.429882316165536,True,Low risk score (16.4 < 20)
SID_04108,11.247583285509501,True,Low risk score (11.2 < 20)
SID_08800,19.62033879050415,True,Low risk score (19.6 < 20)
SID_04132,20.072980896912156,False,
SID_01803,16.555456302479563,True,Low risk score (16.6 < 20)
SID_05320,23.846537585739274,False,
SID_02555,99.5,False,
SID_09130,16.33308407539957,True,Low risk score (16.3 < 20)
SID_08170,100.0,False,
SID_07735,11.052559698455779,True,Low risk score (11.1 < 20)
SID_02680,100.0,False,
SID_01699,100.0,False,
SID_08739,14.580524499891363,True,Low risk score (14.6 < 20)
SID_00387,100.0,False,
SID_00869,12.076271890343389,True,Low risk score (12.1 < 20)
SID_08395,99.33333333333333,False,
SID_07677,98.29761904761905,False,
SID_02622,99.92857142857143,False,
SID_09121,100.0,False,
SID_01747,16.99003833928594,True,Low risk score (17.0 < 20)
SID_01527,11.606523018423873,True,Low risk score (11.6 < 20)
SID_03049,17.98371121662387,True,Low risk score (18.0 < 20)
SID_02066,7.034824602047457,True,Low risk score (7.0 < 20)
SID_08220,97.66666666666666,False,
SID_04889,9.236976483689823,True,Low risk score (9.2 < 20)
SID_03624,11.925173028285808,True,Low risk score (11.9 < 20)
SID_01310,14.783362273065126,True,Low risk score (14.8 < 20)
SID_01007,11.17476526911091,True,Low risk score (11.2 < 20)
SID_03198,20.61395297756139,False,
SID_07225,7.3535400075454245,True,Low risk score (7.4 < 20)
SID_08107,12.311482018897108,True,Low risk score (12.3 < 20)
SID_03519,21.802983678289763,False,
SID_06281,27.23335905469962,False,
SID_04756,15.014855090494738,True,Low risk score (15.0 < 20)
SID_01421,19.152623246453317,True,Low risk score (19.2 < 20)
SID_00362,94.75,False,
SID_01649,25.142370610110444,False,
SID_06235,18.29599859601315,True,Low risk score (18.3 < 20)
SID_02370,99.5,False,
SID_07906,8.120755058882917,True,Low risk score (8.1 < 20)
SID_04804,98.5,False,
SID_06895,21.002118523598888,False,
SID_07469,10.933258519235798,True,Low risk score (10.9 < 20)
SID_05268,22.8267200995092,False,
SID_00259,100.0,False,
SID_04713,19.014362368606978,True,Low risk score (19.0 < 20)
SID_09499,100.0,False,
SID_00605,100.0,False,
SID_02285,99.75,False,
SID_02657,99.5,False,
SID_00726,99.5,False,
SID_07240,98.91071428571428,False,
SID_01574,100.0,False,
SID_01252,19.66401967314264,True,Low risk score (19.7 < 20)
SID_05333,16.662519354388838,True,Low risk score (16.7 < 20)
SID_07414,14.332202316217254,True,Low risk score (14.3 < 20)
SID_02546,10.708456121360433,True,Low risk score (10.7 < 20)
SID_01426,20.499336176614143,False,
SID_04414,16.988774022086034,True,Low risk score (17.0 < 20)
SID_07589,19.060589986598504,True,Low risk score (19.1 < 20)
SID_01851,11.656843387154682,True,Low risk score (11.7 < 20)
SID_02349,21.36341643900659,False,
SID_04012,100.0,False,
SID_01782,26.837323596680836,False,
SID_07791,8.5640201605783,True,Low risk score (8.6 < 20)
SID_02284,15.069836915700247,True,Low risk score (15.1 < 20)
SID_07279,100.0,False,
SID_03256,100.0,False,
SID_03634,16.349909288511174,True,Low risk score (16.3 < 20)
SID_02190,27.75922311476313,False,
SID_09247,17.359247603130722,True,Low risk score (17.4 < 20)
SID_07631,11.71625731200086,True,Low risk score (11.7 < 20)
SID_00308,10.417593076597123,True,Low risk score (10.4 < 20)
SID_04532,14.968531657784133,True,Low risk score (15.0 < 20)
SID_08059,99.08967851099831,False,
SID_00014,87.65325233186057,False,
SID_09397,17.393777165752038,True,Low risk score (17.4 < 20)
SID_04920,98.90505464480874,False,
SID_07095,99.5,False,
SID_09189,98.64285714285714,False,
SID_03897,26.65131869632715,False,
SID_00978,21.494835774895144,False,
SID_02642,98.11666666666667,False,
SID_06816,15.958773604554594,True,Low risk score (16.0 < 20)
SID_04048,15.46024683378814,True,Low risk score (15.5 < 20)
SID_01815,100.0,False,
SID_05235,99.6,False,
SID_05397,100.0,False,
SID_05101,15.835847044044762,True,Low risk score (15.8 < 20)
SID_00581,100.0,False,
SID_03373,7.600258680368138,True,Low risk score (7.6 < 20)
SID_03138,96.86111111111111,False,
SID_04003,10.941468935351502,True,Low risk score (10.9 < 20)
SID_00977,10.135864300626164,True,Low risk score (10.1 < 20)
SID_03291,15.266236115977625,True,Low risk score (15.3 < 20)
SID_07169,17.300664737317277,True,Low risk score (17.3 < 20)
SID_06811,100.0,False,
SID_05372,93.41123028158633,False,
SID_04305,100.0,False,
SID_04298,16.610692305805436,True,Low risk score (16.6 < 20)
SID_07540,5.4696293348008655,True,Low risk score (5.5 < 20)
SID_06436,100.0,False,
SID_03495,100.0,False,
SID_07059,35.086519414928496,False,
SID_03522,99.66666666666666,False,
SID_00329,21.42274778634148,False,
SID_01125,100.0,False,
SID_06927,100.0,False,
SID_01186,11.425376728912113,True,Low risk score (11.4 < 20)
SID_01961,99.16666666666666,False,
SID_00892,12.40341707254093,True,Low risk score (12.4 < 20)
SID_04313,26.87467645617231,False,
SID_00424,100.0,False,
SID_01300,93.10607828143853,False,
SID_05190,11.270425009995199,True,Low risk score (11.3 < 20)
SID_07675,11.656399120055859,True,Low risk score (11.7 < 20)
SID_02611,99.75,False,
SID_04541,95.9425925925926,False,
SID_05043,99.5,False,
SID_06209,9.136436721553208,True,Low risk score (9.1 < 20)
SID_09416,100.0,False,
SID_04584,100.0,False,
SID_07464,14.177553561344453,True,Low risk score (14.2 < 20)
SID_05917,18.88669611001542,True,Low risk score (18.9 < 20)
SID_04322,99.2,False,
SID_03309,18.63607799046895,True,Low risk score (18.6 < 20)
SID_06027,100.0,False,
SID_05547,13.903860386046698,True,Low risk score (13.9 < 20)
SID_07799,100.0,False,
SID_08215,100.0,False,
SID_08648,21.376929717618577,False,
SID_08194,20.480337841936905,False,
SID_06831,100.0,False,
SID_06609,10.530330737761103,True,Low risk score (10.5 < 20)
SID_08716,17.65748112998113,True,Low risk score (17.7 < 20)
SID_03168,19.84045425664444,True,Low risk score (19.8 < 20)
SID_08736,23.44150382800921,False,
SID_00557,100.0,False,
SID_03709,22.63407783251105,False,
SID_02352,99.92857142857143,False,
SID_09320,11.416383875761564,True,Low risk score (11.4 < 20)
SID_04887,9.443456153664513,True,Low risk score (9.4 < 20)
SID_00525,100.0,False,
SID_06759,97.52182539682539,False,
SID_01798,99.8,False,
SID_04280,96.09898385048086,False,
SID_03316,100.0,False,
SID_04906,26.058432708495342,False,
SID_04404,99.0,False,
SID_06167,99.125,False,
SID_00013,25.54165566035928,False,
SID_03939,9.04932571868553,True,Low risk score (9.0 < 20)
SID_09353,94.21607142857142,False,
SID_07553,23.126034114433608,False,
SID_04400,100.0,False,
SID_05961,15.160380289395647,True,Low risk score (15.2 < 20)
SID_05413,100.0,False,
SID_01230,95.92222222222223,False,
SID_04251,98.78333333333333,False,
SID_05870,15.978436041486715,True,Low risk score (16.0 < 20)
SID_07521,99.75,False,
SID_00323,6.9312409812409825,True,Low risk score (6.9 < 20)
SID_03649,98.83333333333333,False,
SID_05302,15.599745722692395,True,Low risk score (15.6 < 20)
SID_02059,24.981737387167726,False,
SID_01911,27.242320521711637,False,
SID_00564,6.66050749797641,True,Low risk score (6.7 < 20)
SID_09021,100.0,False,
SID_02139,99.5,False,
SID_02436,12.133300448244091,True,Low risk score (12.1 < 20)
SID_07339,97.28650137741047,False,
SID_02027,6.65902209255102,True,Low risk score (6.7 < 20)
SID_07554,100.0,False,
SID_05276,13.292720694151583,True,Low risk score (13.3 < 20)
SID_06129,8.745817722845235,True,Low risk score (8.7 < 20)
SID_02516,9.557826674526325,True,Low risk score (9.6 < 20)
SID_01464,20.488293909148915,False,
SID_05016,98.53076062639822,False,
SID_05430,100.0,False,
SID_01690,15.870452979047611,True,Low risk score (15.9 < 20)
SID_09491,99.39090909090909,False,
SID_05299,11.01389462409301,True,Low risk score (11.0 < 20)
SID_01603,20.346302003532838,False,
SID_05761,38.856711525189795,False,
SID_05507,11.478548881673884,True,Low risk score (11.5 < 20)
SID_00245,99.88888888888889,False,
SID_00917,9.852113009926917,True,Low risk score (9.9 < 20)
SID_03076,100.0,False,
SID_05953,20.956831783431824,False,
SID_08933,16.960119953686974,True,Low risk score (17.0 < 20)
SID_00576,19.749071781714548,True,Low risk score (19.7 < 20)
SID_05794,12.522756343118328,True,Low risk score (12.5 < 20)
SID_09233,99.08333333333333,False,
SID_01623,97.90378787878788,False,
SID_02105,14.170894414865941,True,Low risk score (14.2 < 20)
SID_00927,99.41666666666666,False,
SID_05701,100.0,False,
SID_02649,99.125,False,
SID_07206,99.8,False,
SID_09114,100.0,False,
SID_01936,100.0,False,
SID_02500,100.0,False,
SID_07180,14.160111585484653,True,Low risk score (14.2 < 20)
SID_04943,13.57556809219869,True,Low risk score (13.6 < 20)
SID_08072,7.811330588698636,True,Low risk score (7.8 < 20)
SID_05405,100.0,False,
SID_01346,18.354110477000113,True,Low risk score (18.4 < 20)
SID_03617,5.327364177891457,True,Low risk score (5.3 < 20)
SID_02969,10.468970417794646,True,Low risk score (10.5 < 20)
SID_01880,98.76666666666667,False,
SID_03759,17.647059149339714,True,Low risk score (17.6 < 20)
SID_03151,15.413997692626443,True,Low risk score (15.4 < 20)
SID_04897,17.7886893597961,True,Low risk score (17.8 < 20)
SID_02779,6.236273792605331,True,Low risk score (6.2 < 20)
SID_06134,20.814211554446814,False,
SID_06338,14.018585985273555,True,Low risk score (14.0 < 20)
SID_01336,8.606836251759372,True,Low risk score (8.6 < 20)
SID_00089,10.575757550755458,True,Low risk score (10.6 < 20)
SID_09447,20.427623025195178,False,
SID_00218,100.0,False,
SID_07530,85.84432376043199,False,
SID_05071,16.199295244102164,True,Low risk score (16.2 < 20)
SID_08087,100.0,False,
SID_06791,99.25,False,
SID_02898,18.430310345595757,True,Low risk score (18.4 < 20)
SID_01993,98.5,False,
SID_00406,12.33917456699652,True,Low risk score (12.3 < 20)
SID_09496,24.574226967300486,False,
SID_02803,17.58338729342078,True,Low risk score (17.6 < 20)
SID_06991,99.75,False,
SID_00444,100.0,False,
SID_05518,19.221327392233913,True,Low risk score (19.2 < 20)
SID_06274,20.39454695315564,False,
SID_05030,24.269884395328315,False,
SID_06492,12.386768202543127,True,Low risk score (12.4 < 20)
SID_05622,15.696342940057429,True,Low risk score (15.7 < 20)
SID_03754,99.91666666666667,False,
SID_05965,14.279277688106859,True,Low risk score (14.3 < 20)
SID_03875,14.772272451136914,True,Low risk score (14.8 < 20)
SID_04654,5.431977456505758,True,Low risk score (5.4 < 20)
SID_00528,98.20316804407713,False,
SID_06619,11.032020107790718,True,Low risk score (11.0 < 20)
SID_07514,11.215215444532785,True,Low risk score (11.2 < 20)
SID_01873,100.0,False,
SID_05511,14.76090511430382,True,Low risk score (14.8 < 20)
SID_08111,23.738526451925395,False,
SID_01254,16.377006193532715,True,Low risk score (16.4 < 20)
SID_04771,25.457204874743322,False,
SID_03727,15.193410857520067,True,Low risk score (15.2 < 20)
SID_05788,10.420306696943626,True,Low risk score (10.4 < 20)
SID_02263,20.058890335667343,False,
SID_02074,99.5,False,
SID_01165,99.83333333333333,False,
SID_00897,28.1965894794952,False,
SID_06283,29.172048660334386,False,
SID_03609,16.83510991110502,True,Low risk score (16.8 < 20)
SID_01061,92.28466386554622,False,
SID_07708,5.572790727398204,True,Low risk score (5.6 < 20)
SID_03075,13.406937984191195,True,Low risk score (13.4 < 20)
SID_08894,16.98617078771147,True,Low risk score (17.0 < 20)
SID_09177,99.9,False,
SID_03001,29.863181527985894,False,
SID_02672,8.833738087976263,True,Low risk score (8.8 < 20)
SID_00918,10.939646855486782,True,Low risk score (10.9 < 20)
SID_03552,22.164270625697,True,
SID_04478,9.881899740956342,True,Low risk score (9.9 < 20)
SID_01539,19.145547642590728,True,Low risk score (19.1 < 20)
SID_07247,12.781496844837466,True,Low risk score (12.8 < 20)
SID_04590,99.875,False,
SID_02258,15.277224143564858,True,Low risk score (15.3 < 20)
SID_08230,19.82003637404659,True,Low risk score (19.8 < 20)
SID_02765,26.130003035942735,False,
SID_05515,9.656237183785183,True,Low risk score (9.7 < 20)
SID_08974,17.893520935191596,True,Low risk score (17.9 < 20)
SID_03189,24.922598012892326,False,
SID_04546,54.672659601016946,False,
SID_06906,14.711424222336195,True,Low risk score (14.7 < 20)
SID_02096,11.818962987356944,True,Low risk score (11.8 < 20)
SID_02941,12.802997966718632,True,Low risk score (12.8 < 20)
SID_03355,18.496031972215555,True,Low risk score (18.5 < 20)
SID_02201,100.0,False,
SID_06904,17.77265187622902,True,Low risk score (17.8 < 20)
SID_01931,100.0,False,
SID_07443,11.575573314670315,True,Low risk score (11.6 < 20)
SID_00262,11.871401775961656,True,Low risk score (11.9 < 20)
SID_03867,13.617161990309956,True,Low risk score (13.6 < 20)
SID_09108,14.299602031490718,True,Low risk score (14.3 < 20)
SID_09214,11.877136189730319,True,Low risk score (11.9 < 20)
SID_02046,17.973826774379226,True,Low risk score (18.0 < 20)
SID_01988,9.15551292913939,True,Low risk score (9.2 < 20)
SID_05709,10.93050004265436,True,Low risk score (10.9 < 20)
SID_00509,12.668505824441393,True,Low risk score (12.7 < 20)
SID_06716,21.090970741104574,False,
SID_05083,17.228804489731747,True,Low risk score (17.2 < 20)
SID_04594,28.611972721142838,False,
SID_03060,19.693952520993143,True,Low risk score (19.7 < 20)
SID_01058,8.053836693989926,True,Low risk score (8.1 < 20)
SID_00486,21.922138680979636,False,
SID_06532,6.6639105801376814,True,Low risk score (6.7 < 20)
SID_07255,98.5,False,
SID_00499,28.614994150036992,False,
SID_04719,100.0,False,
SID_05731,22.66721026712818,False,
SID_03488,100.0,False,
SID_01778,20.171575830883487,False,
SID_03994,9.288353024993993,True,Low risk score (9.3 < 20)
SID_08555,34.563048968624,False,
SID_01405,19.08121631659062,True,Low risk score (19.1 < 20)
SID_00740,14.856673242420982,True,Low risk score (14.9 < 20)
SID_02933,100.0,False,
SID_03331,99.83333333333334,False,
SID_02228,13.576902036441139,True,Low risk score (13.6 < 20)
SID_03330,22.576184916166653,False,
SID_05476,15.524479043464448,True,Low risk score (15.5 < 20)
SID_01606,12.034060561020276,True,Low risk score (12.0 < 20)
SID_04208,10.062426946447744,True,Low risk score (10.1 < 20)
SID_06597,14.847630512540746,True,Low risk score (14.8 < 20)
SID_01954,13.682167341917296,True,Low risk score (13.7 < 20)
SID_04100,15.122593495351023,True,Low risk score (15.1 < 20)
SID_05710,18.002674484855444,True,Low risk score (18.0 < 20)
SID_01249,18.36644931084817,True,Low risk score (18.4 < 20)
SID_01651,21.78220379116958,False,
SID_06546,99.9,False,
SID_00474,11.458950220303018,True,Low risk score (11.5 < 20)
SID_01463,10.12410624022504,True,Low risk score (10.1 < 20)
SID_08304,25.32778766745738,False,
SID_08183,99.83333333333334,False,
SID_02097,19.720405568747083,True,Low risk score (19.7 < 20)
SID_06045,12.163220316539755,True,Low risk score (12.2 < 20)
SID_05580,99.125,False,
SID_06585,40.437683201492526,False,
SID_07766,14.044941353687888,True,Low risk score (14.0 < 20)
SID_02165,100.0,False,
SID_02185,96.23958333333333,False,
SID_06850,16.19960589689795,True,Low risk score (16.2 < 20)
SID_06353,21.217749646326098,False,
SID_08538,8.480208609694202,True,Low risk score (8.5 < 20)
SID_04422,100.0,False,
SID_03480,5.464872363535615,True,Low risk score (5.5 < 20)
SID_09443,19.90895562566602,True,Low risk score (19.9 < 20)
SID_00695,100.0,False,
SID_07013,13.154237809309704,True,Low risk score (13.2 < 20)
SID_04644,100.0,False,
SID_08068,98.85416666666666,False,
SID_02517,99.91666666666667,False,
SID_05468,7.775111228315288,True,Low risk score (7.8 < 20)
SID_06017,95.84880952380954,False,
SID_04990,97.9948347107438,False,
SID_05017,100.0,False,
SID_05958,100.0,False,
SID_00678,100.0,False,
SID_01890,30.498409943290195,False,
SID_05554,100.0,False,
SID_02617,99.875,False,
SID_04848,13.63694749531522,True,Low risk score (13.6 < 20)
SID_05933,10.022850467811589,True,Low risk score (10.0 < 20)
SID_07662,10.954873126932108,True,Low risk score (11.0 < 20)
SID_09379,11.704204120546173,True,Low risk score (11.7 < 20)
SID_04913,7.130975746160398,True,Low risk score (7.1 < 20)
SID_08110,12.909140614868178,True,Low risk score (12.9 < 20)
SID_05024,30.822705277523898,False,
SID_05123,12.72544042087608,True,Low risk score (12.7 < 20)
SID_04378,16.67582417241072,True,Low risk score (16.7 < 20)
SID_04431,22.219529143172103,False,
SID_05597,18.690984286265873,True,Low risk score (18.7 < 20)
SID_08587,19.528236928661446,True,Low risk score (19.5 < 20)
SID_05069,9.215966340261845,True,Low risk score (9.2 < 20)
SID_05003,98.39870689655172,False,
SID_02443,16.456988359973526,True,Low risk score (16.5 < 20)
SID_05836,8.707468670924179,True,Low risk score (8.7 < 20)
SID_00816,99.625,False,
SID_01323,100.0,False,
SID_09118,97.79166666666666,False,
SID_05093,25.550806549364747,False,
SID_05733,22.534546515260363,False,
SID_00445,97.72333333333334,False,
SID_05688,100.0,False,
SID_07315,98.83690476190476,False,
SID_07536,99.4,False,
SID_07899,10.717769007915347,True,Low risk score (10.7 < 20)
SID_04988,24.440484771776227,False,
SID_00681,100.0,False,
SID_05769,100.0,False,
SID_01946,9.878103089136602,True,Low risk score (9.9 < 20)
SID_09126,99.75,False,
SID_01224,40.96318542568544,False,
SID_00492,100.0,False,
SID_05671,20.347239317260282,False,
SID_07089,11.783598471474553,True,Low risk score (11.8 < 20)
SID_00069,99.71052631578948,False,
SID_07497,19.01068947364275,True,Low risk score (19.0 < 20)
SID_06417,19.953543653374187,True,Low risk score (20.0 < 20)
SID_08853,10.070454421069726,True,Low risk score (10.1 < 20)
SID_03940,98.375,False,
SID_06165,21.158988702212582,False,
SID_05344,8.791823315712579,True,Low risk score (8.8 < 20)
SID_05499,5.887088188381343,True,Low risk score (5.9 < 20)
SID_07272,14.49735134317869,True,Low risk score (14.5 < 20)
SID_04408,19.511185722542848,True,Low risk score (19.5 < 20)
SID_06177,17.336815754691333,True,Low risk score (17.3 < 20)
SID_02503,26.54992006669063,False,
SID_09348,98.58967851099831,False,
SID_05293,35.1000722877625,False,
SID_04548,100.0,False,
SID_01531,20.732912403375163,False,
SID_05948,17.031187040795803,True,Low risk score (17.0 < 20)
SID_00731,20.06369005100937,False,
SID_01760,10.613581358974697,True,Low risk score (10.6 < 20)
SID_06734,95.75,False,
SID_07057,16.81890886583271,True,Low risk score (16.8 < 20)
SID_02953,10.279360731319267,True,Low risk score (10.3 < 20)
SID_08520,16.057053611616034,True,Low risk score (16.1 < 20)
SID_01523,17.044157598557355,True,Low risk score (17.0 < 20)
SID_03750,14.717440173159336,True,Low risk score (14.7 < 20)
SID_02079,28.14493882006111,False,
SID_06262,14.190636053506573,True,Low risk score (14.2 < 20)
SID_07419,100.0,False,
SID_00454,6.62190772854235,True,Low risk score (6.6 < 20)
SID_03923,99.7,False,
SID_01030,99.85714285714286,False,
SID_02117,99.8,False,
SID_08146,96.33571428571429,False,
SID_07629,5.377484515412619,True,Low risk score (5.4 < 20)
SID_08975,94.74166666666665,False,
SID_03514,96.33988095238094,False,
SID_01001,36.210169182762044,False,
SID_02650,21.165070248906282,False,
SID_00496,100.0,False,
SID_09441,14.712125115181909,True,Low risk score (14.7 < 20)
SID_05007,27.576153073483393,False,
SID_03913,21.389478697479923,False,
SID_00943,11.38579754461484,True,Low risk score (11.4 < 20)
SID_03675,100.0,False,
SID_03391,22.71066743137852,False,
SID_02354,15.824461057474512,True,Low risk score (15.8 < 20)
SID_04013,14.634218995897003,True,Low risk score (14.6 < 20)
SID_09139,100.0,False,
SID_01750,27.796644488892603,False,
SID_02044,99.78571428571428,False,
SID_00328,12.02020240507932,True,Low risk score (12.0 < 20)
SID_08953,100.0,False,
SID_08639,100.0,False,
SID_09461,98.8,False,
SID_00256,7.529694872293328,True,Low risk score (7.5 < 20)
SID_01565,12.15951780578524,True,Low risk score (12.2 < 20)
SID_07346,100.0,False,
SID_09390,26.044491181530283,False,
SID_08383,14.85763874548426,True,Low risk score (14.9 < 20)
SID_05767,12.27802960395921,True,Low risk score (12.3 < 20)
SID_03059,100.0,False,
SID_01312,100.0,False,
SID_05265,9.346273691959796,True,Low risk score (9.3 < 20)
SID_03187,5.023421468766418,True,Low risk score (5.0 < 20)
SID_01884,100.0,False,
SID_05637,7.615666313820939,True,Low risk score (7.6 < 20)
SID_00556,12.486002492063932,True,Low risk score (12.5 < 20)
SID_05350,31.515160403724344,False,
SID_02900,8.822861028205397,True,Low risk score (8.8 < 20)
SID_07316,10.727735043934887,True,Low risk score (10.7 < 20)
SID_09111,85.43392857142857,False,
SID_08569,100.0,False,
SID_08609,17.738841742387127,True,Low risk score (17.7 < 20)
SID_03310,100.0,False,
SID_05571,11.413112878105725,True,Low risk score (11.4 < 20)
SID_01841,12.296171333329005,True,Low risk score (12.3 < 20)
SID_02090,100.0,False,
SID_03570,19.617308859760115,True,Low risk score (19.6 < 20)
SID_08977,15.601688722585417,True,Low risk score (15.6 < 20)
SID_04641,17.737625106671437,True,Low risk score (17.7 < 20)
SID_06810,22.323635338996617,False,
SID_00754,7.212229216740063,True,Low risk score (7.2 < 20)
SID_04874,13.349807863651936,True,Low risk score (13.3 < 20)
SID_03681,19.992765429465685,True,Low risk score (20.0 < 20)
SID_03489,100.0,False,
SID_03094,6.629794055512539,True,Low risk score (6.6 < 20)
SID_01518,6.839344230795824,True,Low risk score (6.8 < 20)
SID_03724,7.75788306678212,True,Low risk score (7.8 < 20)
SID_08306,21.921834097183847,False,
SID_01577,8.563795048102566,True,Low risk score (8.6 < 20)
SID_03043,14.719843161290678,True,Low risk score (14.7 < 20)
SID_04814,100.0,False,
SID_02754,97.85380116959065,False,
SID_07564,9.205440778252129,True,Low risk score (9.2 < 20)
SID_08086,26.44873703723207,False,
SID_00405,8.955654673106991,True,Low risk score (9.0 < 20)
SID_03464,32.285530147381635,False,
SID_01910,18.263227729304525,True,Low risk score (18.3 < 20)
SID_07583,11.744382897973004,True,Low risk score (11.7 < 20)
SID_05403,9.756404852675738,True,Low risk score (9.8 < 20)
SID_03182,13.636511607253322,True,Low risk score (13.6 < 20)
SID_06358,100.0,False,
SID_02927,22.72266387630824,False,
SID_06796,19.102655478501326,True,Low risk score (19.1 < 20)
SID_07771,24.618371507719743,False,
SID_01755,97.56428571428572,False,
SID_06741,14.804631530659638,True,Low risk score (14.8 < 20)
SID_05283,25.065442871066356,False,
SID_06162,6.1704267136180855,True,Low risk score (6.2 < 20)
SID_03035,87.13900717703349,False,
SID_08012,23.804032471944037,False,
SID_07091,100.0,False,
SID_09347,8.329321552386784,True,Low risk score (8.3 < 20)
SID_06916,32.92347198248022,False,
SID_09370,5.9645391976777145,True,Low risk score (6.0 < 20)
SID_08873,100.0,False,
SID_05179,31.206978100179093,False,
SID_09252,100.0,False,
SID_06328,99.33967851099831,False,
SID_03795,14.347888842175951,True,Low risk score (14.3 < 20)
SID_04763,18.409783394323295,True,Low risk score (18.4 < 20)
SID_04424,19.663966528640444,True,Low risk score (19.7 < 20)
SID_07991,7.229916398754323,True,Low risk score (7.2 < 20)
SID_05930,100.0,False,
SID_06247,22.315338933661643,False,
SID_01108,7.511876439855684,True,Low risk score (7.5 < 20)
SID_02542,11.46671741341864,True,Low risk score (11.5 < 20)
SID_03771,15.382135978661662,True,Low risk score (15.4 < 20)
SID_04020,15.171825358051624,True,Low risk score (15.2 < 20)
SID_08643,100.0,False,
SID_06711,99.0,False,
SID_03447,22.146457811141346,False,
SID_04325,10.7240625145402,True,Low risk score (10.7 < 20)
SID_07995,13.055710664638557,True,Low risk score (13.1 < 20)
SID_07528,100.0,False,
SID_02743,25.567100729236113,False,
SID_05807,18.301627261701856,True,Low risk score (18.3 < 20)
SID_03378,18.179798703942428,True,Low risk score (18.2 < 20)
SID_09495,18.797768260196882,True,Low risk score (18.8 < 20)
SID_06414,18.761710656719252,True,Low risk score (18.8 < 20)
SID_08665,11.320349387484825,True,Low risk score (11.3 < 20)
SID_05039,6.4022357974905795,True,Low risk score (6.4 < 20)
SID_06174,99.83333333333334,False,
SID_07107,24.691461999342625,False,
SID_00404,19.281484304902232,True,Low risk score (19.3 < 20)
SID_05348,30.290801027108355,False,
SID_02024,26.931339067675186,False,
SID_05772,11.997796440916607,True,Low risk score (12.0 < 20)
SID_02080,9.202379589659245,True,Low risk score (9.2 < 20)
SID_04073,97.84583333333333,False,
SID_01933,13.217973837547795,True,Low risk score (13.2 < 20)
SID_08140,9.714292496282791,True,Low risk score (9.7 < 20)
SID_04467,8.116797112176748,True,Low risk score (8.1 < 20)
SID_02711,17.64805643213593,True,Low risk score (17.6 < 20)
SID_05392,13.946979001678727,True,Low risk score (13.9 < 20)
SID_06616,93.21340970350403,False,
SID_00660,99.75,False,
SID_00287,100.0,False,
SID_07268,90.4883109040718,False,
SID_02029,29.0765907910129,False,
SID_04233,100.0,False,
SID_05033,13.178382864269574,True,Low risk score (13.2 < 20)
SID_05850,16.60216338914429,True,Low risk score (16.6 < 20)
SID_00782,7.628251682664381,True,Low risk score (7.6 < 20)
SID_03375,16.34991437275415,True,Low risk score (16.3 < 20)
SID_09161,15.489156939202712,True,Low risk score (15.5 < 20)
SID_00955,12.812420078681328,True,Low risk score (12.8 < 20)
SID_01416,10.514416024750059,True,Low risk score (10.5 < 20)
SID_05664,26.51131472425423,False,
SID_07580,100.0,False,
SID_08590,16.27864269581806,True,Low risk score (16.3 < 20)
SID_08315,15.354701480001133,True,Low risk score (15.4 < 20)
SID_01613,37.380251742780814,False,
SID_01586,13.122507993502582,True,Low risk score (13.1 < 20)
SID_01437,18.155422120789105,True,Low risk score (18.2 < 20)
SID_01861,12.148793131800103,True,Low risk score (12.1 < 20)
SID_03284,100.0,False,
SID_00293,88.05608974358975,False,
SID_05712,13.09930312044017,True,Low risk score (13.1 < 20)
SID_03838,9.120684697469411,True,Low risk score (9.1 < 20)
SID_05246,25.362089629424755,False,
SID_03910,14.61475067390178,True,Low risk score (14.6 < 20)
SID_03379,10.20586565190065,True,Low risk score (10.2 < 20)
SID_08102,27.699616627315727,False,
SID_04603,97.76666666666667,False,
SID_01360,99.25462962962963,False,
SID_04163,12.522163674129347,True,Low risk score (12.5 < 20)
SID_06093,13.448398063660182,True,Low risk score (13.4 < 20)
SID_03058,17.901303591276985,True,Low risk score (17.9 < 20)
SID_06478,15.208811279535068,True,Low risk score (15.2 < 20)
SID_07954,99.08333333333334,False,
SID_04222,99.8125,False,
SID_00131,14.93672247207912,True,Low risk score (14.9 < 20)
SID_05922,100.0,False,
SID_02332,5.102622735619684,True,Low risk score (5.1 < 20)
SID_00268,26.15487526941889,False,
SID_04495,98.08333333333333,False,
SID_02484,15.847189806707018,True,Low risk score (15.8 < 20)
SID_08076,12.90992236485103,True,Low risk score (12.9 < 20)
SID_08352,99.9,False,
SID_04872,12.574557500167563,True,Low risk score (12.6 < 20)
SID_04779,99.125,False,
SID_07861,12.813828875593913,True,Low risk score (12.8 < 20)
SID_01570,22.259181105046032,False,
SID_08646,15.247359456272633,True,Low risk score (15.2 < 20)
SID_09338,100.0,False,
SID_03450,96.5,False,
SID_08391,22.806442629286376,False,
SID_03023,8.666920780346933,True,Low risk score (8.7 < 20)
SID_00979,23.75252851348242,False,
SID_05407,100.0,False,
SID_04690,100.0,False,
SID_00922,17.893530861036634,True,Low risk score (17.9 < 20)
SID_02125,100.0,False,
SID_00312,7.564072623394664,True,Low risk score (7.6 < 20)
SID_02760,13.83281730548723,True,Low risk score (13.8 < 20)
SID_08017,8.975262319023372,True,Low risk score (9.0 < 20)
SID_07041,100.0,False,
SID_02541,99.05,False,
SID_04937,18.026452934122634,True,Low risk score (18.0 < 20)
SID_01771,19.109452687835034,True,Low risk score (19.1 < 20)
SID_08868,8.704503889007,True,Low risk score (8.7 < 20)
SID_07265,27.74891812830412,False,
SID_07620,100.0,False,
SID_02078,100.0,False,
SID_07946,99.1483704974271,False,
SID_08023,12.64157163450495,True,Low risk score (12.6 < 20)
SID_00280,18.526513341653516,True,Low risk score (18.5 < 20)
SID_03369,100.0,False,
SID_07034,95.5,False,
SID_08997,100.0,False,
SID_02797,87.23101673101675,False,
SID_02899,11.424248362485134,True,Low risk score (11.4 < 20)
SID_03571,29.13880203936484,False,
SID_05292,12.775958766170909,True,Low risk score (12.8 < 20)
SID_01398,27.37657688258087,False,
SID_04540,16.542639548336822,True,Low risk score (16.5 < 20)
SID_01485,100.0,False,
SID_07559,35.06056340110576,False,
SID_04276,18.65909753442504,True,Low risk score (18.7 < 20)
SID_05529,100.0,False,
SID_05045,18.81183536792882,True,Low risk score (18.8 < 20)
SID_05267,11.878765505379354,True,Low risk score (11.9 < 20)
SID_01145,6.176255673076556,True,Low risk score (6.2 < 20)
SID_05156,98.875,False,
SID_03787,100.0,False,
SID_04883,100.0,False,
SID_05579,49.06844584803484,False,
SID_08539,15.989835427336077,True,Low risk score (16.0 < 20)
SID_00438,99.0,False,
SID_06362,22.73314344678793,False,
SID_07231,5.410172036383051,True,Low risk score (5.4 < 20)
SID_05699,9.337447869975927,True,Low risk score (9.3 < 20)
SID_04987,19.591657816462266,True,Low risk score (19.6 < 20)
SID_00639,16.856272339555588,True,Low risk score (16.9 < 20)
SID_03273,26.714134646213434,False,
SID_01645,17.514960665303118,True,Low risk score (17.5 < 20)
SID_06329,98.86309523809523,False,
SID_07220,23.769696579491942,False,
SID_07403,18.138633392654267,True,Low risk score (18.1 < 20)
SID_06499,12.092996436472266,True,Low risk score (12.1 < 20)
SID_02091,100.0,False,
SID_05191,16.104908003603917,True,Low risk score (16.1 < 20)
SID_05685,100.0,False,
SID_08683,20.74373253195271,False,Rule: single_success_login
SID_04301,100.0,False,
SID_00022,21.273761230458057,False,
SID_05224,12.92016931436245,True,Low risk score (12.9 < 20)
SID_04224,13.850888417332941,True,Low risk score (13.9 < 20)
SID_07481,17.014396880609265,True,Low risk score (17.0 < 20)
SID_08369,12.01482424482497,True,Low risk score (12.0 < 20)
SID_09486,95.40681818181818,False,
SID_01428,17.35667598336749,True,Low risk score (17.4 < 20)
SID_07498,99.5,False,
SID_08334,16.6744115212834,True,Low risk score (16.7 < 20)
SID_00938,13.177374367059658,True,Low risk score (13.2 < 20)
SID_06842,6.189795757580051,True,Low risk score (6.2 < 20)
SID_07989,100.0,False,
SID_03032,3.5980712853620833,True,Low risk score (3.6 < 20)
SID_07262,100.0,False,
SID_06744,16.642471623280965,True,Low risk score (16.6 < 20)
SID_03804,94.17222222222222,False,
SID_07790,29.40467009270632,False,
SID_02245,31.33507604894456,False,
SID_05954,21.3346536667234,False,
SID_00901,8.17099090194624,True,Low risk score (8.2 < 20)
SID_01917,20.013068788973285,False,
SID_05248,99.1,False,
SID_04878,100.0,False,
SID_06875,98.54266538830296,False,
SID_06181,100.0,False,
SID_01041,27.576282583534773,False,
SID_05752,100.0,False,
SID_04902,13.447798417424195,True,Low risk score (13.4 < 20)
SID_08896,99.5,False,
SID_05434,15.514392896686793,True,Low risk score (15.5 < 20)
SID_05643,9.240857057909048,True,Low risk score (9.2 < 20)
SID_07327,19.83255257093324,True,Low risk score (19.8 < 20)
SID_07830,90.66155303030303,False,
SID_06097,9.82561641485747,True,Low risk score (9.8 < 20)
SID_06943,20.92942827917105,False,
SID_02699,7.446095200881042,True,Low risk score (7.4 < 20)
SID_04825,23.40660362140973,False,
SID_09176,25.333451749332074,False,
SID_00241,5.672500541348605,True,Low risk score (5.7 < 20)
SID_06656,29.601037296776344,False,
SID_08163,11.742894134454387,True,Low risk score (11.7 < 20)
SID_03665,18.519769558328424,True,Low risk score (18.5 < 20)
SID_08945,8.66951198648333,True,Low risk score (8.7 < 20)
SID_01234,94.41071428571428,False,
SID_06677,22.04657621956319,False,
SID_01916,7.868567133272747,True,Low risk score (7.9 < 20)
SID_06665,99.75,False,
SID_03242,99.53333333333333,False,
SID_07290,99.875,False,
SID_07816,14.659165117582953,True,Low risk score (14.7 < 20)
SID_03103,11.026585059339492,True,Low risk score (11.0 < 20)
SID_00071,19.704595970784624,True,Low risk score (19.7 < 20)
SID_07217,7.89486313420856,True,Low risk score (7.9 < 20)
SID_00764,16.997315638509455,True,Low risk score (17.0 < 20)
SID_07691,6.163185304348927,True,Low risk score (6.2 < 20)
SID_01845,8.29758598179863,True,Low risk score (8.3 < 20)
SID_07594,100.0,False,Rule: single_success_login
SID_03031,32.46141708750156,False,
SID_03606,15.736240660874442,True,Low risk score (15.7 < 20)
SID_06213,17.979653787805518,True,Low risk score (18.0 < 20)
SID_07004,100.0,False,
SID_00088,100.0,False,
SID_06447,99.6,False,
SID_03421,99.5,False,
SID_08834,9.402899436846944,True,Low risk score (9.4 < 20)
SID_06630,99.16666666666667,False,
SID_01724,97.25,False,
SID_06947,23.82391427199382,False,
SID_04393,15.12462115300181,True,Low risk score (15.1 < 20)
SID_01899,93.46111111111111,False,
SID_07119,100.0,False,
SID_07762,99.25,False,
SID_05918,13.180273318688277,True,Low risk score (13.2 < 20)
SID_03753,15.345316442728713,True,Low risk score (15.3 < 20)
SID_01734,100.0,False,
SID_08411,17.43306129822327,True,Low risk score (17.4 < 20)
SID_05889,18.999291447901573,True,Low risk score (19.0 < 20)
SID_08420,17.878188232091485,True,Low risk score (17.9 < 20)
SID_08519,8.097433605959887,True,Low risk score (8.1 < 20)
SID_03125,27.70588462572595,True,
SID_02200,99.75,False,
SID_00157,36.514507584266156,False,
SID_04784,12.298952094937691,True,Low risk score (12.3 < 20)
SID_00112,11.009913005458516,True,Low risk score (11.0 < 20)
SID_08562,23.291888662823144,False,
SID_00251,24.37017008461022,False,
SID_07488,13.334329168946999,True,Low risk score (13.3 < 20)
SID_03124,12.774641617966589,True,Low risk score (12.8 < 20)
SID_08124,100.0,False,
SID_01753,11.028619929145444,True,Low risk score (11.0 < 20)
SID_08986,11.130871514559391,True,Low risk score (11.1 < 20)
SID_09431,14.802854325180705,True,Low risk score (14.8 < 20)
SID_07072,9.952124698365912,True,Low risk score (10.0 < 20)
SID_03247,15.149167251138863,True,Low risk score (15.1 < 20)
SID_07359,20.924588026051822,False,
SID_02762,17.846842466146747,True,Low risk score (17.8 < 20)
SID_02668,17.654514244063932,True,Low risk score (17.7 < 20)
SID_07427,12.640970451595903,True,Low risk score (12.6 < 20)
SID_05022,100.0,False,
SID_09519,19.57926070063226,True,Low risk score (19.6 < 20)
SID_07966,83.27499562977522,False,
SID_07187,98.58333333333334,False,
SID_07096,43.962024684010466,False,
SID_04751,25.089902184832617,False,
SID_07167,26.953120585624834,False,
SID_00010,26.58775241496356,False,
SID_08963,12.580735236230261,True,Low risk score (12.6 < 20)
SID_07355,15.12261024418507,True,Low risk score (15.1 < 20)
SID_08022,9.755215897198198,True,Low risk score (9.8 < 20)
SID_09417,16.860016426511194,True,Low risk score (16.9 < 20)
SID_08806,20.766337012882836,False,
SID_03133,18.82268358804186,True,Low risk score (18.8 < 20)
SID_03549,9.268169350428604,True,Low risk score (9.3 < 20)
SID_02068,9.928996228147826,True,Low risk score (9.9 < 20)
SID_02168,13.181528579375716,True,Low risk score (13.2 < 20)
SID_02324,16.43400490051753,True,Low risk score (16.4 < 20)
SID_03680,13.554798808335585,True,Low risk score (13.6 < 20)
SID_07596,7.371567117128092,True,Low risk score (7.4 < 20)
SID_06937,11.487188273882829,True,Low risk score (11.5 < 20)
SID_08356,99.9,False,
SID_00344,98.175,False,
SID_02956,24.27067099567099,False,
SID_06843,16.415718445435605,True,Low risk score (16.4 < 20)
SID_08782,23.306748425674044,False,
SID_09256,35.212002181332544,False,
SID_04824,96.52348484848484,False,
SID_04935,7.036855132619485,True,Low risk score (7.0 < 20)
SID_06786,32.755333350006765,False,
SID_05014,19.55159588083062,True,Low risk score (19.6 < 20)
SID_00984,100.0,False,
SID_00708,12.973230670433345,True,Low risk score (13.0 < 20)
SID_07627,18.100934049713704,True,Low risk score (18.1 < 20)
SID_01920,12.529278982824103,True,Low risk score (12.5 < 20)
SID_07309,99.375,False,
SID_01438,14.945741175146823,True,Low risk score (14.9 < 20)
SID_04977,18.79971764196205,True,Low risk score (18.8 < 20)
SID_04631,14.490616169359418,True,Low risk score (14.5 < 20)
SID_08382,16.14628068221859,True,Low risk score (16.1 < 20)
SID_01713,100.0,True,
SID_01468,16.816968099405017,True,Low risk score (16.8 < 20)
SID_07617,16.651768265407238,True,Low risk score (16.7 < 20)
SID_02372,11.983141780228213,True,Low risk score (12.0 < 20)
SID_01818,100.0,False,
SID_09193,24.369426559044367,False,
SID_00597,21.137872045170138,False,
SID_08515,12.895974063635876,True,Low risk score (12.9 < 20)
SID_05857,24.825386427298195,False,
SID_04189,100.0,False,
SID_03351,37.15396825396826,False,
SID_08670,100.0,False,
SID_08051,7.5269692158675126,True,Low risk score (7.5 < 20)
SID_07382,99.20833333333333,False,
SID_04572,15.330266820158627,True,Low risk score (15.3 < 20)
SID_03760,99.8,False,
SID_00884,8.475579589778246,True,Low risk score (8.5 < 20)
SID_07011,28.023697848312235,False,
SID_06052,15.019954207254575,True,Low risk score (15.0 < 20)
SID_06009,17.04335911751922,True,Low risk score (17.0 < 20)
SID_03274,100.0,False,
SID_05991,20.18046980861046,False,
SID_04695,19.58664240845866,True,Low risk score (19.6 < 20)
SID_06929,9.608472032212008,True,Low risk score (9.6 < 20)
SID_07033,31.227435491126126,False,
SID_00745,14.624079075734123,True,Low risk score (14.6 < 20)
SID_02194,24.1635687903815,True,
SID_08969,13.778008555915491,True,Low risk score (13.8 < 20)
SID_06972,16.086345469295974,True,Low risk score (16.1 < 20)
SID_04881,100.0,False,
SID_04697,100.0,False,
SID_08774,16.736065154268584,True,Low risk score (16.7 < 20)
SID_01729,92.3407080564784,False,
SID_03191,10.84020256306238,True,Low risk score (10.8 < 20)
SID_06462,20.258650381519903,False,
SID_04182,99.5,False,
SID_09174,100.0,False,
SID_09055,25.243590686680882,False,
SID_03303,16.91625899753756,True,Low risk score (16.9 < 20)
SID_08679,11.232730244668108,True,Low risk score (11.2 < 20)
SID_09304,16.329279699958835,True,Low risk score (16.3 < 20)
SID_08921,10.023620791141044,True,Low risk score (10.0 < 20)
SID_01134,15.882134132699266,True,Low risk score (15.9 < 20)
SID_07362,10.754956150034653,True,Low risk score (10.8 < 20)
SID_04907,11.792001417517215,True,Low risk score (11.8 < 20)
SID_08990,97.85714285714286,False,
SID_01429,10.190878458774348,True,Low risk score (10.2 < 20)
SID_04432,19.804146507087673,True,Low risk score (19.8 < 20)
SID_04938,17.473012073218136,True,Low risk score (17.5 < 20)
SID_05419,13.621432216159993,True,Low risk score (13.6 < 20)
SID_06389,9.872173731121284,True,Low risk score (9.9 < 20)
SID_04466,96.7,False,
SID_03604,97.33333333333331,False,
SID_04683,96.76754385964911,False,
SID_04099,19.81810324264949,True,Low risk score (19.8 < 20)
SID_03129,6.220043205213791,True,Low risk score (6.2 < 20)
SID_06133,97.7275,False,
SID_03139,100.0,False,
SID_06957,100.0,False,
SID_00626,8.154985445120872,True,Low risk score (8.2 < 20)
SID_03203,99.5,False,
SID_06344,11.171036585490334,True,Low risk score (11.2 < 20)
SID_04252,17.498080202511797,True,Low risk score (17.5 < 20)
SID_04610,9.87018772050899,True,Low risk score (9.9 < 20)
SID_05744,18.18060793209859,True,Low risk score (18.2 < 20)
SID_03501,10.92620522622027,True,Low risk score (10.9 < 20)
SID_00958,16.08321271496128,True,Low risk score (16.1 < 20)
SID_08360,99.75,False,
SID_01394,5.716699491834101,True,Low risk score (5.7 < 20)
SID_00347,99.625,False,
SID_08666,14.16878252976945,True,Low risk score (14.2 < 20)
SID_07561,23.29394417393827,False,
SID_03354,11.900194637900892,True,Low risk score (11.9 < 20)
SID_07590,100.0,False,
SID_01913,100.0,False,
SID_01545,100.0,False,
SID_07908,14.108169276443046,True,Low risk score (14.1 < 20)
SID_03986,11.540797403986044,True,Low risk score (11.5 < 20)
SID_05796,85.89526268198493,False,
SID_01045,10.077958307374415,True,Low risk score (10.1 < 20)
SID_03460,32.92688790417099,False,
SID_05222,8.165828467174995,True,Low risk score (8.2 < 20)
SID_01810,30.76982755586811,False,
SID_00500,98.61666666666667,False,
SID_05766,9.628665332368664,True,Low risk score (9.6 < 20)
SID_02410,99.23333333333333,False,
SID_07045,13.574335853811451,True,Low risk score (13.6 < 20)
SID_06242,17.86708381686337,True,Low risk score (17.9 < 20)
SID_08216,23.13648330163418,False,
SID_06307,7.120092078906989,True,Low risk score (7.1 < 20)
SID_00924,11.680186478175761,True,Low risk score (11.7 < 20)
SID_04216,15.503778871120502,True,Low risk score (15.5 < 20)
SID_03443,20.690046588368705,False,
SID_06819,17.013476365436688,True,Low risk score (17.0 < 20)
SID_03114,18.305800258429123,True,Low risk score (18.3 < 20)
SID_03981,100.0,False,
SID_04056,9.891016530150349,True,Low risk score (9.9 < 20)
SID_03688,100.0,False,
SID_07756,16.046562536644423,True,Low risk score (16.0 < 20)
SID_03965,100.0,False,
SID_08504,12.502391431355377,True,Low risk score (12.5 < 20)
SID_02825,16.85150122700805,True,Low risk score (16.9 < 20)
SID_01693,15.644752473957693,True,Low risk score (15.6 < 20)
SID_08408,31.876963813307224,False,
SID_01198,11.061144301465212,True,Low risk score (11.1 < 20)
SID_06783,18.27916138986258,True,Low risk score (18.3 < 20)
SID_06457,35.573403982370586,False,
SID_04448,92.82267973856209,False,
SID_02761,11.585602289552082,True,Low risk score (11.6 < 20)
SID_05253,7.099366815206118,True,Low risk score (7.1 < 20)
SID_04274,20.720885724738615,False,
SID_00701,10.295728739413963,True,Low risk score (10.3 < 20)
SID_00723,9.351687035504487,True,Low risk score (9.4 < 20)
SID_01720,9.734093952535478,True,Low risk score (9.7 < 20)
SID_08836,19.57009771169836,True,Low risk score (19.6 < 20)
SID_02978,16.604394569158885,True,Low risk score (16.6 < 20)
SID_07284,17.015593213410007,True,Low risk score (17.0 < 20)
SID_03233,100.0,False,
SID_08604,15.898619449985823,True,Low risk score (15.9 < 20)
SID_01790,100.0,False,
SID_03045,23.996947908976402,False,
SID_00111,26.723156544641025,False,
SID_01277,98.575,False,
SID_00384,8.24785335778635,True,Low risk score (8.2 < 20)
SID_04597,15.086048103059696,True,Low risk score (15.1 < 20)
SID_05861,13.936866347042686,True,Low risk score (13.9 < 20)
SID_03716,10.328370478821311,True,Low risk score (10.3 < 20)
SID_04577,96.03776443682102,False,
SID_03553,12.955239718436118,True,Low risk score (13.0 < 20)
SID_04677,99.375,False,
SID_02089,100.0,False,
SID_05382,11.361008109374037,True,Low risk score (11.4 < 20)
SID_08113,27.705762415688877,False,
SID_03264,100.0,False,
SID_04225,98.04523809523809,False,
SID_03704,19.597491043429155,True,Low risk score (19.6 < 20)
SID_02837,16.699859284463958,True,Low risk score (16.7 < 20)
SID_08820,16.307936667746322,True,Low risk score (16.3 < 20)
SID_04839,100.0,False,
SID_00467,14.064962953884411,True,Low risk score (14.1 < 20)
SID_07200,10.976400957126707,True,Low risk score (11.0 < 20)
SID_06596,15.023821945317989,True,Low risk score (15.0 < 20)
SID_09077,12.373339055206218,True,Low risk score (12.4 < 20)
SID_03010,18.129444829316764,True,Low risk score (18.1 < 20)
SID_09109,100.0,False,
SID_01808,99.625,False,Rule: low_impact
SID_01298,9.780138401437398,True,Low risk score (9.8 < 20)
SID_08588,16.001923156512458,True,Low risk score (16.0 < 20)
SID_06990,15.48489518315321,True,Low risk score (15.5 < 20)
SID_00056,100.0,False,
SID_09086,28.313557095484715,False,
SID_05243,13.128969915656349,True,Low risk score (13.1 < 20)
SID_03788,16.40256195199712,True,Low risk score (16.4 < 20)
SID_08375,16.779479014195097,True,Low risk score (16.8 < 20)
SID_03072,10.145414616271443,True,Low risk score (10.1 < 20)
SID_08328,18.268223589213857,True,Low risk score (18.3 < 20)
SID_00899,95.18809523809523,False,
SID_07761,96.5,False,
SID_02926,25.03940106176321,False,
SID_08603,28.714325452745328,False,
SID_01889,100.0,False,
SID_02020,97.58620689655172,False,
SID_05015,13.624234053664502,True,Low risk score (13.6 < 20)
SID_01422,87.14099686201952,False,
SID_08066,99.5,False,
SID_09138,96.82142857142857,False,
SID_08451,23.63758744815536,False,
SID_06086,100.0,False,
SID_04529,13.184388900770033,True,Low risk score (13.2 < 20)
SID_02246,24.647005895805616,False,
SID_06536,100.0,False,
SID_00738,22.574331364110407,False,
SID_05690,13.870670923452568,True,Low risk score (13.9 < 20)
SID_01236,17.71605341355281,True,Low risk score (17.7 < 20)
SID_06035,21.680405145449644,False,
SID_03021,100.0,False,
SID_07575,11.747406547879214,True,Low risk score (11.7 < 20)
SID_01328,9.797494312530672,True,Low risk score (9.8 < 20)
SID_05739,13.110126441032255,True,Low risk score (13.1 < 20)
SID_08010,54.09397694802881,False,
SID_05080,20.648101969910172,False,
SID_06122,19.278887220940373,True,Low risk score (19.3 < 20)
SID_08447,15.862148365425554,True,Low risk score (15.9 < 20)
SID_06179,94.73214285714286,False,
SID_08633,25.607511905248032,False,
SID_09330,13.882667100909686,True,Low risk score (13.9 < 20)
SID_04041,99.75,False,
SID_04266,100.0,False,
SID_01326,14.378981120928715,True,Low risk score (14.4 < 20)
SID_01297,21.976261944285778,False,
SID_00847,100.0,False,
SID_02848,23.919051360825552,False,
SID_07054,16.386950538624344,True,Low risk score (16.4 < 20)
SID_03152,18.813051973467307,True,Low risk score (18.8 < 20)
SID_00941,19.800136958128423,True,Low risk score (19.8 < 20)
SID_07574,12.109236722927452,True,Low risk score (12.1 < 20)
SID_08570,17.442403087971353,True,Low risk score (17.4 < 20)
SID_05751,36.6471570832189,False,
SID_05536,15.871558416481458,True,Low risk score (15.9 < 20)
SID_04501,100.0,False,
SID_06331,100.0,False,
SID_08289,9.429793741023673,True,Low risk score (9.4 < 20)
SID_01698,21.011032286174668,False,
SID_00257,27.799314809203967,False,
SID_00350,98.0952380952381,False,
SID_00396,6.856234759466087,True,Low risk score (6.9 < 20)
SID_06066,22.25000256220959,False,
SID_03605,14.848564838014974,True,Low risk score (14.8 < 20)
SID_02129,10.553410780313634,True,Low risk score (10.6 < 20)
SID_04145,100.0,False,
SID_01078,100.0,False,
SID_01992,11.235109254395008,True,Low risk score (11.2 < 20)
SID_08775,13.998312856365988,True,Low risk score (14.0 < 20)
SID_01947,7.427599893900188,True,Low risk score (7.4 < 20)
SID_06348,11.384703155302686,True,Low risk score (11.4 < 20)
SID_01190,12.02552092956236,True,Low risk score (12.0 < 20)
SID_09326,100.0,False,
SID_07347,25.161827798283486,False,
SID_08551,30.222665239651608,False,
SID_04806,32.97820236279067,False,
SID_04958,96.63333333333334,False,
SID_00535,100.0,False,
SID_08616,99.94444444444444,False,
SID_00381,14.128171244207818,True,Low risk score (14.1 < 20)
SID_01801,15.194859307359303,True,Low risk score (15.2 < 20)
SID_07853,7.2899607924065215,True,Low risk score (7.3 < 20)
SID_09360,18.070656948894374,True,Low risk score (18.1 < 20)
SID_05297,24.091992925764202,False,
SID_05116,100.0,False,
SID_07283,99.75,False,
SID_00543,14.33075104614974,True,Low risk score (14.3 < 20)
SID_07959,13.407884665207739,True,Low risk score (13.4 < 20)
SID_03587,13.249129892060454,True,Low risk score (13.2 < 20)
SID_03978,12.247900160000178,True,Low risk score (12.2 < 20)
SID_08526,26.103194393797054,False,
SID_04027,14.06781535001642,True,Low risk score (14.1 < 20)
SID_00127,12.87189057151377,True,Low risk score (12.9 < 20)
SID_03844,11.874786160417008,True,Low risk score (11.9 < 20)
SID_04065,14.41857475285909,True,Low risk score (14.4 < 20)
SID_08277,32.1698767154743,False,
SID_07047,99.08333333333333,False,
SID_08313,12.608258708026398,True,Low risk score (12.6 < 20)
SID_03654,98.4,False,
SID_01644,24.698395073852407,False,
SID_02173,12.828952751474414,True,Low risk score (12.8 < 20)
SID_03887,30.443744652110805,False,
SID_08028,98.26666666666667,False,
SID_08707,12.927530886965721,True,Low risk score (12.9 < 20)
SID_05911,100.0,False,
SID_08235,40.01415442764438,False,
SID_00511,8.40131097989375,True,Low risk score (8.4 < 20)
SID_06265,13.355485615128448,True,Low risk score (13.4 < 20)
SID_02421,12.411856165095188,True,Low risk score (12.4 < 20)
SID_05374,10.332817038423567,True,Low risk score (10.3 < 20)
SID_01515,11.808924491389192,True,Low risk score (11.8 < 20)
SID_01424,13.118095075587224,True,Low risk score (13.1 < 20)
SID_04925,5.81348630314528,True,Low risk score (5.8 < 20)
SID_07294,24.52595870190039,False,
SID_01514,56.021037051184116,False,
SID_09339,23.15372916413417,False,
SID_00563,12.013657491989076,True,Low risk score (12.0 < 20)
SID_04660,3.410160856477006,True,Low risk score (3.4 < 20)
SID_04330,21.579573850745863,False,
SID_05951,7.662802288658707,True,Low risk score (7.7 < 20)
SID_08040,99.41666666666666,False,
SID_00790,79.91009531656083,False,
SID_04864,99.83333333333334,False,
SID_04526,100.0,False,
SID_04004,10.744985937737416,True,Low risk score (10.7 < 20)
SID_07567,99.26666666666667,False,
SID_07889,27.430512395925017,False,
SID_09264,99.0,False,
SID_08019,100.0,False,
SID_02178,100.0,False,
SID_08387,99.78571428571429,False,
SID_00761,27.426857428045448,False,
SID_09367,20.92255188259256,False,
SID_03484,8.986207426422235,True,Low risk score (9.0 < 20)
SID_08863,15.975063016564894,True,Low risk score (16.0 < 20)
SID_08112,100.0,False,
SID_03102,100.0,False,
SID_01142,99.24999999999999,False,
SID_08268,8.55256917662387,True,Low risk score (8.6 < 20)
SID_03265,9.85821990600512,True,Low risk score (9.9 < 20)
SID_02085,13.777386131834405,True,Low risk score (13.8 < 20)
SID_01327,100.0,False,
SID_00274,100.0,False,
SID_02715,5.733315422044115,True,Low risk score (5.7 < 20)
SID_08808,5.9055515346881595,True,Low risk score (5.9 < 20)
SID_03952,14.688783916900954,True,Low risk score (14.7 < 20)
SID_01276,18.79836018392822,True,Low risk score (18.8 < 20)
SID_03892,10.45834214847643,True,Low risk score (10.5 < 20)
SID_04956,7.2940055052441295,True,Low risk score (7.3 < 20)
SID_01799,15.764306951688148,True,Low risk score (15.8 < 20)
SID_00029,98.97619047619048,False,
SID_08576,100.0,False,
SID_04842,30.431487610863368,False,
SID_04488,11.200028979593938,True,Low risk score (11.2 < 20)
SID_00668,20.18361676556854,False,
SID_03366,13.643929444065417,True,Low risk score (13.6 < 20)
SID_01572,100.0,False,
SID_01126,15.900945208366156,True,Low risk score (15.9 < 20)
SID_06111,100.0,False,
SID_07612,22.420637986853066,True,
SID_05675,19.517966106194773,True,Low risk score (19.5 < 20)
SID_02389,9.042254254614313,True,Low risk score (9.0 < 20)
SID_04202,92.44404761904762,False,
SID_01793,9.887911825666118,True,Low risk score (9.9 < 20)
SID_02818,100.0,False,
SID_04730,14.742441409010166,True,Low risk score (14.7 < 20)
SID_01120,18.621172546187086,True,Low risk score (18.6 < 20)
SID_02728,18.67550270508684,True,Low risk score (18.7 < 20)
SID_06003,16.102954946023353,True,Low risk score (16.1 < 20)
SID_02255,9.810235521491034,True,Low risk score (9.8 < 20)
SID_04522,100.0,False,
SID_03636,12.705262046630263,True,Low risk score (12.7 < 20)
SID_05993,10.691536212793784,True,Low risk score (10.7 < 20)
SID_02862,25.560767969321752,False,
SID_00275,17.317730649160275,True,Low risk score (17.3 < 20)
SID_00780,8.255055011716735,True,Low risk score (8.3 < 20)
SID_08211,99.75,False,
SID_06212,11.003387649470579,True,Low risk score (11.0 < 20)
SID_02985,16.712348498426007,True,Low risk score (16.7 < 20)
SID_05633,21.28124754771777,False,
SID_05707,22.12274454914768,False,
SID_02857,17.219459979309022,True,Low risk score (17.2 < 20)
SID_07184,99.5,False,
SID_01634,99.75,False,
SID_00019,94.68764245154482,False,
SID_01754,29.16511194786835,False,
SID_01516,100.0,False,
SID_04708,22.274656748674435,False,
SID_08620,14.730209720101339,True,Low risk score (14.7 < 20)
SID_00523,100.0,False,
SID_08721,26.426063928135395,False,
SID_09259,17.28272124068268,True,Low risk score (17.3 < 20)
SID_06170,11.83183874011209,True,Low risk score (11.8 < 20)
SID_09089,98.4047619047619,False,
SID_00891,100.0,False,
SID_06474,100.0,False,
SID_01844,24.85190381097255,False,
